date,home,away,home_goals,away_goals
2016-08-13,Hull City,Leicester City,2.0,1.0
2016-08-13,Everton,Tottenham Hotspur,1.0,1.0
2016-08-13,Crystal Palace,West Bromwich Albion,0.0,1.0
2016-08-13,Burnley,Swansea City,0.0,1.0
2016-08-13,Middlesbrough,Stoke City,1.0,1.0
2016-08-13,Southampton,Watford,1.0,1.0
2016-08-13,Manchester City,Sunderland,2.0,1.0
2016-08-14,AFC Bournemouth,Manchester United,1.0,3.0
2016-08-14,Arsenal,Liverpool,3.0,4.0
2016-08-15,Chelsea,West Ham United,2.0,1.0
2016-08-19,Manchester United,Southampton,2.0,0.0
2016-08-20,Leicester City,Arsenal,0.0,0.0
2016-08-20,West Bromwich Albion,Everton,1.0,2.0
2016-08-20,Tottenham Hotspur,Crystal Palace,1.0,0.0
2016-08-20,Burnley,Liverpool,2.0,0.0
2016-08-20,Watford,Chelsea,1.0,2.0
2016-08-20,Stoke City,Manchester City,1.0,4.0
2016-08-20,Swansea City,Hull City,0.0,2.0
2016-08-21,Sunderland,Middlesbrough,1.0,2.0
2016-08-21,West Ham United,AFC Bournemouth,1.0,0.0
2016-08-27,Hull City,Manchester United,0.0,1.0
2016-08-27,Everton,Stoke City,1.0,0.0
2016-08-27,Crystal Palace,AFC Bournemouth,1.0,1.0
2016-08-27,Chelsea,Burnley,3.0,0.0
2016-08-27,Leicester City,Swansea City,2.0,1.0
2016-08-27,Southampton,Sunderland,1.0,1.0
2016-08-27,Tottenham Hotspur,Liverpool,1.0,1.0
2016-08-27,Watford,Arsenal,1.0,3.0
2016-08-28,West Bromwich Albion,Middlesbrough,0.0,0.0
2016-08-28,Manchester City,West Ham United,3.0,1.0
2016-09-10,Middlesbrough,Crystal Palace,1.0,2.0
2016-09-10,Liverpool,Leicester City,4.0,1.0
2016-09-10,Stoke City,Tottenham Hotspur,0.0,4.0
2016-09-10,AFC Bournemouth,West Bromwich Albion,1.0,0.0
2016-09-10,Arsenal,Southampton,2.0,1.0
2016-09-10,Manchester United,Manchester City,1.0,2.0
2016-09-10,Burnley,Hull City,1.0,1.0
2016-09-10,West Ham United,Watford,2.0,4.0
2016-09-11,Swansea City,Chelsea,2.0,2.0
2016-09-12,Sunderland,Everton,0.0,3.0
2016-09-16,Chelsea,Liverpool,1.0,2.0
2016-09-17,Manchester City,AFC Bournemouth,4.0,0.0
2016-09-17,Everton,Middlesbrough,3.0,1.0
2016-09-17,Leicester City,Burnley,3.0,0.0
2016-09-17,West Bromwich Albion,West Ham United,4.0,2.0
2016-09-17,Hull City,Arsenal,1.0,4.0
2016-09-18,Watford,Manchester United,3.0,1.0
2016-09-18,Crystal Palace,Stoke City,4.0,1.0
2016-09-18,Southampton,Swansea City,1.0,0.0
2016-09-18,Tottenham Hotspur,Sunderland,1.0,0.0
2016-09-24,Stoke City,West Bromwich Albion,1.0,1.0
2016-09-24,Arsenal,Chelsea,3.0,0.0
2016-09-24,Swansea City,Manchester City,1.0,3.0
2016-09-24,Liverpool,Hull City,5.0,1.0
2016-09-24,Sunderland,Crystal Palace,2.0,3.0
2016-09-24,AFC Bournemouth,Everton,1.0,0.0
2016-09-24,Manchester United,Leicester City,4.0,1.0
2016-09-24,Middlesbrough,Tottenham Hotspur,1.0,2.0
2016-09-25,West Ham United,Southampton,0.0,3.0
2016-09-26,Burnley,Watford,2.0,0.0
2016-09-30,Everton,Crystal Palace,1.0,1.0
2016-10-01,West Ham United,Middlesbrough,1.0,1.0
2016-10-01,Watford,AFC Bournemouth,2.0,2.0
2016-10-01,Sunderland,West Bromwich Albion,1.0,1.0
2016-10-01,Swansea City,Liverpool,1.0,2.0
2016-10-01,Hull City,Chelsea,0.0,2.0
2016-10-02,Manchester United,Stoke City,1.0,1.0
2016-10-02,Leicester City,Southampton,0.0,0.0
2016-10-02,Tottenham Hotspur,Manchester City,2.0,0.0
2016-10-02,Burnley,Arsenal,0.0,1.0
2016-10-15,West Bromwich Albion,Tottenham Hotspur,1.0,1.0
2016-10-15,Crystal Palace,West Ham United,0.0,1.0
2016-10-15,AFC Bournemouth,Hull City,6.0,1.0
2016-10-15,Arsenal,Swansea City,3.0,2.0
2016-10-15,Manchester City,Everton,1.0,1.0
2016-10-15,Stoke City,Sunderland,2.0,0.0
2016-10-15,Chelsea,Leicester City,3.0,0.0
2016-10-16,Middlesbrough,Watford,0.0,1.0
2016-10-16,Southampton,Burnley,3.0,1.0
2016-10-17,Liverpool,Manchester United,0.0,0.0
2016-10-22,Liverpool,West Bromwich Albion,2.0,1.0
2016-10-22,Burnley,Everton,2.0,1.0
2016-10-22,Leicester City,Crystal Palace,3.0,1.0
2016-10-22,Hull City,Stoke City,0.0,2.0
2016-10-22,Swansea City,Watford,0.0,0.0
2016-10-22,Arsenal,Middlesbrough,0.0,0.0
2016-10-22,West Ham United,Sunderland,1.0,0.0
2016-10-22,AFC Bournemouth,Tottenham Hotspur,0.0,0.0
2016-10-23,Manchester City,Southampton,1.0,1.0
2016-10-23,Chelsea,Manchester United,4.0,0.0
2016-10-29,Crystal Palace,Liverpool,2.0,4.0
2016-10-29,Tottenham Hotspur,Leicester City,1.0,1.0
2016-10-29,West Bromwich Albion,Manchester City,0.0,4.0
2016-10-29,Sunderland,Arsenal,1.0,4.0
2016-10-29,Middlesbrough,AFC Bournemouth,2.0,0.0
2016-10-29,Manchester United,Burnley,0.0,0.0
2016-10-29,Watford,Hull City,1.0,0.0
2016-10-30,Everton,West Ham United,2.0,0.0
2016-10-30,Southampton,Chelsea,0.0,2.0
2016-10-31,Stoke City,Swansea City,3.0,1.0
2016-11-05,AFC Bournemouth,Sunderland,1.0,2.0
2016-11-05,Manchester City,Middlesbrough,1.0,1.0
2016-11-05,West Ham United,Stoke City,1.0,1.0
2016-11-05,Burnley,Crystal Palace,3.0,2.0
2016-11-05,Chelsea,Everton,5.0,0.0
2016-11-06,Leicester City,West Bromwich Albion,1.0,2.0
2016-11-06,Hull City,Southampton,2.0,1.0
2016-11-06,Swansea City,Manchester United,1.0,3.0
2016-11-06,Arsenal,Tottenham Hotspur,1.0,1.0
2016-11-06,Liverpool,Watford,6.0,1.0
2016-11-19,Manchester United,Arsenal,1.0,1.0
2016-11-19,Crystal Palace,Manchester City,1.0,2.0
2016-11-19,Everton,Swansea City,1.0,1.0
2016-11-19,Sunderland,Hull City,3.0,0.0
2016-11-19,Southampton,Liverpool,0.0,0.0
2016-11-19,Stoke City,AFC Bournemouth,0.0,1.0
2016-11-19,Watford,Leicester City,2.0,1.0
2016-11-19,Tottenham Hotspur,West Ham United,3.0,2.0
2016-11-20,Middlesbrough,Chelsea,0.0,1.0
2016-11-21,West Bromwich Albion,Burnley,4.0,0.0
2016-11-26,Hull City,West Bromwich Albion,1.0,1.0
2016-11-26,Liverpool,Sunderland,2.0,0.0
2016-11-26,Chelsea,Tottenham Hotspur,2.0,1.0
2016-11-26,Swansea City,Crystal Palace,5.0,4.0
2016-11-26,Burnley,Manchester City,1.0,2.0
2016-11-26,Leicester City,Middlesbrough,2.0,2.0
2016-11-27,Watford,Stoke City,0.0,1.0
2016-11-27,Arsenal,AFC Bournemouth,3.0,1.0
2016-11-27,Southampton,Everton,1.0,0.0
2016-11-27,Manchester United,West Ham United,1.0,1.0
2016-12-03,West Ham United,Arsenal,1.0,5.0
2016-12-03,Stoke City,Burnley,2.0,0.0
2016-12-03,Tottenham Hotspur,Swansea City,5.0,0.0
2016-12-03,West Bromwich Albion,Watford,3.0,1.0
2016-12-03,Sunderland,Leicester City,2.0,1.0
2016-12-03,Manchester City,Chelsea,1.0,3.0
2016-12-03,Crystal Palace,Southampton,3.0,0.0
2016-12-04,AFC Bournemouth,Liverpool,4.0,3.0
2016-12-04,Everton,Manchester United,1.0,1.0
2016-12-05,Middlesbrough,Hull City,1.0,0.0
2016-12-10,Arsenal,Stoke City,3.0,1.0
2016-12-10,Leicester City,Manchester City,4.0,2.0
2016-12-10,Burnley,AFC Bournemouth,3.0,2.0
2016-12-10,Watford,Everton,3.0,2.0
2016-12-10,Swansea City,Sunderland,3.0,0.0
2016-12-10,Hull City,Crystal Palace,3.0,3.0
2016-12-11,Chelsea,West Bromwich Albion,1.0,0.0
2016-12-11,Southampton,Middlesbrough,1.0,0.0
2016-12-11,Manchester United,Tottenham Hotspur,1.0,0.0
2016-12-11,Liverpool,West Ham United,2.0,2.0
2016-12-13,AFC Bournemouth,Leicester City,1.0,0.0
2016-12-13,Everton,Arsenal,2.0,1.0
2016-12-14,West Bromwich Albion,Swansea City,3.0,1.0
2016-12-14,Crystal Palace,Manchester United,1.0,2.0
2016-12-14,Manchester City,Watford,2.0,0.0
2016-12-14,Tottenham Hotspur,Hull City,3.0,0.0
2016-12-14,Sunderland,Chelsea,0.0,1.0
2016-12-14,Middlesbrough,Liverpool,0.0,3.0
2016-12-14,West Ham United,Burnley,1.0,0.0
2016-12-14,Stoke City,Southampton,0.0,0.0
2016-12-17,Sunderland,Watford,1.0,0.0
2016-12-17,West Bromwich Albion,Manchester United,0.0,2.0
2016-12-17,West Ham United,Hull City,1.0,0.0
2016-12-17,Stoke City,Leicester City,2.0,2.0
2016-12-17,Crystal Palace,Chelsea,0.0,1.0
2016-12-17,Middlesbrough,Swansea City,3.0,0.0
2016-12-18,AFC Bournemouth,Southampton,1.0,3.0
2016-12-18,Manchester City,Arsenal,2.0,1.0
2016-12-18,Tottenham Hotspur,Burnley,2.0,1.0
2016-12-19,Everton,Liverpool,0.0,1.0
2016-12-26,Burnley,Middlesbrough,1.0,0.0
2016-12-26,Watford,Crystal Palace,1.0,1.0
2016-12-26,Arsenal,West Bromwich Albion,1.0,0.0
2016-12-26,Swansea City,West Ham United,1.0,4.0
2016-12-26,Manchester United,Sunderland,3.0,1.0
2016-12-26,Chelsea,AFC Bournemouth,3.0,0.0
2016-12-26,Leicester City,Everton,0.0,2.0
2016-12-26,Hull City,Manchester City,0.0,3.0
2016-12-27,Liverpool,Stoke City,4.0,1.0
2016-12-28,Southampton,Tottenham Hotspur,1.0,4.0
2016-12-30,Hull City,Everton,2.0,2.0
2016-12-31,Leicester City,West Ham United,1.0,0.0
2016-12-31,Manchester United,Middlesbrough,2.0,1.0
2016-12-31,Chelsea,Stoke City,4.0,2.0
2016-12-31,Swansea City,AFC Bournemouth,0.0,3.0
2016-12-31,Southampton,West Bromwich Albion,1.0,2.0
2016-12-31,Burnley,Sunderland,4.0,1.0
2016-12-31,Liverpool,Manchester City,1.0,0.0
2017-01-01,Watford,Tottenham Hotspur,1.0,4.0
2017-01-01,Arsenal,Crystal Palace,2.0,0.0
2017-01-02,Sunderland,Liverpool,2.0,2.0
2017-01-02,Everton,Southampton,3.0,0.0
2017-01-02,West Ham United,Manchester United,0.0,2.0
2017-01-02,West Bromwich Albion,Hull City,3.0,1.0
2017-01-02,Middlesbrough,Leicester City,0.0,0.0
2017-01-02,Manchester City,Burnley,2.0,1.0
2017-01-03,AFC Bournemouth,Arsenal,3.0,3.0
2017-01-03,Stoke City,Watford,2.0,0.0
2017-01-03,Crystal Palace,Swansea City,1.0,2.0
2017-01-04,Tottenham Hotspur,Chelsea,2.0,0.0
2017-01-14,Leicester City,Chelsea,0.0,3.0
2017-01-14,Swansea City,Arsenal,0.0,4.0
2017-01-14,Sunderland,Stoke City,1.0,3.0
2017-01-14,West Ham United,Crystal Palace,3.0,0.0
2017-01-14,Burnley,Southampton,1.0,0.0
2017-01-14,Watford,Middlesbrough,0.0,0.0
2017-01-14,Tottenham Hotspur,West Bromwich Albion,4.0,0.0
2017-01-14,Hull City,AFC Bournemouth,3.0,1.0
2017-01-15,Everton,Manchester City,4.0,0.0
2017-01-15,Manchester United,Liverpool,1.0,1.0
2017-01-21,Crystal Palace,Everton,0.0,1.0
2017-01-21,AFC Bournemouth,Watford,2.0,2.0
2017-01-21,Manchester City,Tottenham Hotspur,2.0,2.0
2017-01-21,West Bromwich Albion,Sunderland,2.0,0.0
2017-01-21,Stoke City,Manchester United,1.0,1.0
2017-01-21,Middlesbrough,West Ham United,1.0,3.0
2017-01-21,Liverpool,Swansea City,2.0,3.0
2017-01-22,Southampton,Leicester City,3.0,0.0
2017-01-22,Arsenal,Burnley,2.0,1.0
2017-01-22,Chelsea,Hull City,2.0,0.0
2017-01-31,Middlesbrough,West Bromwich Albion,1.0,1.0
2017-01-31,Burnley,Leicester City,1.0,0.0
2017-01-31,Swansea City,Southampton,2.0,1.0
2017-01-31,Arsenal,Watford,1.0,2.0
2017-01-31,AFC Bournemouth,Crystal Palace,0.0,2.0
2017-01-31,Sunderland,Tottenham Hotspur,0.0,0.0
2017-01-31,Liverpool,Chelsea,1.0,1.0
2017-02-01,West Ham United,Manchester City,0.0,4.0
2017-02-01,Manchester United,Hull City,0.0,0.0
2017-02-01,Stoke City,Everton,1.0,1.0
2017-02-04,Crystal Palace,Sunderland,0.0,4.0
2017-02-04,West Bromwich Albion,Stoke City,1.0,0.0
2017-02-04,Tottenham Hotspur,Middlesbrough,1.0,0.0
2017-02-04,Hull City,Liverpool,2.0,0.0
2017-02-04,Chelsea,Arsenal,3.0,1.0
2017-02-04,Everton,AFC Bournemouth,6.0,3.0
2017-02-04,Southampton,West Ham United,1.0,3.0
2017-02-04,Watford,Burnley,2.0,1.0
2017-02-05,Manchester City,Swansea City,2.0,1.0
2017-02-05,Leicester City,Manchester United,0.0,3.0
2017-02-11,Liverpool,Tottenham Hotspur,2.0,0.0
2017-02-11,Arsenal,Hull City,2.0,0.0
2017-02-11,Middlesbrough,Everton,0.0,0.0
2017-02-11,Stoke City,Crystal Palace,1.0,0.0
2017-02-11,Sunderland,Southampton,0.0,4.0
2017-02-11,West Ham United,West Bromwich Albion,2.0,2.0
2017-02-11,Manchester United,Watford,2.0,0.0
2017-02-12,Swansea City,Leicester City,2.0,0.0
2017-02-12,Burnley,Chelsea,1.0,1.0
2017-02-13,AFC Bournemouth,Manchester City,0.0,2.0
2017-02-25,Everton,Sunderland,2.0,0.0
2017-02-25,Chelsea,Swansea City,3.0,1.0
2017-02-25,Crystal Palace,Middlesbrough,1.0,0.0
2017-02-25,West Bromwich Albion,AFC Bournemouth,2.0,1.0
2017-02-25,Hull City,Burnley,1.0,1.0
2017-02-25,Watford,West Ham United,1.0,1.0
2017-02-26,Tottenham Hotspur,Stoke City,4.0,0.0
2017-02-27,Leicester City,Liverpool,3.0,1.0
2017-03-04,Leicester City,Hull City,3.0,1.0
2017-03-04,Watford,Southampton,3.0,4.0
2017-03-04,West Bromwich Albion,Crystal Palace,0.0,2.0
2017-03-04,Liverpool,Arsenal,3.0,1.0
2017-03-04,Stoke City,Middlesbrough,2.0,0.0
2017-03-04,Manchester United,AFC Bournemouth,1.0,1.0
2017-03-04,Swansea City,Burnley,3.0,2.0
2017-03-05,Tottenham Hotspur,Everton,3.0,2.0
2017-03-05,Sunderland,Manchester City,0.0,2.0
2017-03-06,West Ham United,Chelsea,1.0,2.0
2017-03-08,Manchester City,Stoke City,0.0,0.0
2017-03-11,Hull City,Swansea City,2.0,1.0
2017-03-11,Everton,West Bromwich Albion,3.0,0.0
2017-03-11,AFC Bournemouth,West Ham United,3.0,2.0
2017-03-12,Liverpool,Burnley,2.0,1.0
2017-03-18,AFC Bournemouth,Swansea City,2.0,0.0
2017-03-18,West Bromwich Albion,Arsenal,3.0,1.0
2017-03-18,Stoke City,Chelsea,1.0,2.0
2017-03-18,Sunderland,Burnley,0.0,0.0
2017-03-18,West Ham United,Leicester City,2.0,3.0
2017-03-18,Everton,Hull City,4.0,0.0
2017-03-18,Crystal Palace,Watford,1.0,0.0
2017-03-19,Tottenham Hotspur,Southampton,2.0,1.0
2017-03-19,Manchester City,Liverpool,1.0,1.0
2017-03-19,Middlesbrough,Manchester United,1.0,3.0
2017-04-01,Chelsea,Crystal Palace,1.0,2.0
2017-04-01,Hull City,West Ham United,2.0,1.0
2017-04-01,Leicester City,Stoke City,2.0,0.0
2017-04-01,Southampton,AFC Bournemouth,0.0,0.0
2017-04-01,Manchester United,West Bromwich Albion,0.0,0.0
2017-04-01,Burnley,Tottenham Hotspur,0.0,2.0
2017-04-01,Liverpool,Everton,3.0,1.0
2017-04-01,Watford,Sunderland,1.0,0.0
2017-04-02,Swansea City,Middlesbrough,0.0,0.0
2017-04-02,Arsenal,Manchester City,2.0,2.0
2017-04-04,Burnley,Stoke City,1.0,0.0
2017-04-04,Watford,West Bromwich Albion,2.0,0.0
2017-04-04,Leicester City,Sunderland,2.0,0.0
2017-04-04,Manchester United,Everton,1.0,1.0
2017-04-05,Liverpool,AFC Bournemouth,2.0,2.0
2017-04-05,Chelsea,Manchester City,2.0,1.0
2017-04-05,Arsenal,West Ham United,3.0,0.0
2017-04-05,Swansea City,Tottenham Hotspur,1.0,3.0
2017-04-05,Hull City,Middlesbrough,4.0,2.0
2017-04-05,Southampton,Crystal Palace,3.0,1.0
2017-04-08,Tottenham Hotspur,Watford,4.0,0.0
2017-04-08,Manchester City,Hull City,3.0,1.0
2017-04-08,Middlesbrough,Burnley,0.0,0.0
2017-04-08,West Bromwich Albion,Southampton,0.0,1.0
2017-04-08,Stoke City,Liverpool,1.0,2.0
2017-04-08,West Ham United,Swansea City,1.0,0.0
2017-04-08,AFC Bournemouth,Chelsea,1.0,3.0
2017-04-09,Sunderland,Manchester United,0.0,3.0
2017-04-09,Everton,Leicester City,4.0,2.0
2017-04-10,Crystal Palace,Arsenal,3.0,0.0
2017-04-15,Crystal Palace,Leicester City,2.0,2.0
2017-04-15,Southampton,Manchester City,0.0,3.0
2017-04-15,Watford,Swansea City,1.0,0.0
2017-04-15,Stoke City,Hull City,3.0,1.0
2017-04-15,Sunderland,West Ham United,2.0,2.0
2017-04-15,Everton,Burnley,3.0,1.0
2017-04-15,Tottenham Hotspur,AFC Bournemouth,4.0,0.0
2017-04-16,West Bromwich Albion,Liverpool,0.0,1.0
2017-04-16,Manchester United,Chelsea,2.0,0.0
2017-04-17,Middlesbrough,Arsenal,1.0,2.0
2017-04-22,Swansea City,Stoke City,2.0,0.0
2017-04-22,AFC Bournemouth,Middlesbrough,4.0,0.0
2017-04-22,Hull City,Watford,2.0,0.0
2017-04-22,West Ham United,Everton,0.0,0.0
2017-04-23,Burnley,Manchester United,0.0,2.0
2017-04-23,Liverpool,Crystal Palace,1.0,2.0
2017-04-25,Chelsea,Southampton,4.0,2.0
2017-04-26,Middlesbrough,Sunderland,1.0,0.0
2017-04-26,Arsenal,Leicester City,1.0,0.0
2017-04-26,Crystal Palace,Tottenham Hotspur,0.0,1.0
2017-04-27,Manchester City,Manchester United,0.0,0.0
2017-04-29,Southampton,Hull City,0.0,0.0
2017-04-29,Stoke City,West Ham United,0.0,0.0
2017-04-29,West Bromwich Albion,Leicester City,0.0,1.0
2017-04-29,Sunderland,AFC Bournemouth,0.0,1.0
2017-04-29,Crystal Palace,Burnley,0.0,2.0
2017-04-30,Middlesbrough,Manchester City,2.0,2.0
2017-04-30,Tottenham Hotspur,Arsenal,2.0,0.0
2017-04-30,Manchester United,Swansea City,1.0,1.0
2017-04-30,Everton,Chelsea,0.0,3.0
2017-05-01,Watford,Liverpool,0.0,1.0
2017-05-05,West Ham United,Tottenham Hotspur,1.0,0.0
2017-05-06,Hull City,Sunderland,0.0,2.0
2017-05-06,Manchester City,Crystal Palace,5.0,0.0
2017-05-06,Burnley,West Bromwich Albion,2.0,2.0
2017-05-06,Leicester City,Watford,3.0,0.0
2017-05-06,AFC Bournemouth,Stoke City,2.0,2.0
2017-05-06,Swansea City,Everton,1.0,0.0
2017-05-07,Liverpool,Southampton,0.0,0.0
2017-05-07,Arsenal,Manchester United,2.0,0.0
2017-05-08,Chelsea,Middlesbrough,3.0,0.0
2017-05-10,Southampton,Arsenal,0.0,2.0
2017-05-12,Everton,Watford,1.0,0.0
2017-05-12,West Bromwich Albion,Chelsea,0.0,1.0
2017-05-13,Manchester City,Leicester City,2.0,1.0
2017-05-13,Middlesbrough,Southampton,1.0,2.0
2017-05-13,Sunderland,Swansea City,0.0,2.0
2017-05-13,AFC Bournemouth,Burnley,2.0,1.0
2017-05-13,Stoke City,Arsenal,1.0,4.0
2017-05-14,Crystal Palace,Hull City,4.0,0.0
2017-05-14,West Ham United,Liverpool,0.0,4.0
2017-05-14,Tottenham Hotspur,Manchester United,2.0,1.0
2017-05-15,Chelsea,Watford,4.0,3.0
2017-05-16,Arsenal,Sunderland,2.0,0.0
2017-05-16,Manchester City,West Bromwich Albion,3.0,1.0
2017-05-17,Southampton,Manchester United,0.0,0.0
2017-05-18,Leicester City,Tottenham Hotspur,1.0,6.0
2017-05-21,Manchester United,Crystal Palace,2.0,0.0
2017-05-21,Hull City,Tottenham Hotspur,1.0,7.0
2017-05-21,Southampton,Stoke City,0.0,1.0
2017-05-21,Leicester City,AFC Bournemouth,1.0,1.0
2017-05-21,Burnley,West Ham United,1.0,2.0
2017-05-21,Arsenal,Everton,3.0,1.0
2017-05-21,Chelsea,Sunderland,5.0,1.0
2017-05-21,Liverpool,Middlesbrough,3.0,0.0
2017-05-21,Watford,Manchester City,0.0,5.0
2017-05-21,Swansea City,West Bromwich Albion,2.0,1.0
2017-08-11,Arsenal,Leicester City,4.0,3.0
2017-08-12,Everton,Stoke City,1.0,0.0
2017-08-12,Southampton,Swansea City,0.0,0.0
2017-08-12,Chelsea,Burnley,2.0,3.0
2017-08-12,Brighton and Hove Albion,Manchester City,0.0,2.0
2017-08-12,Crystal Palace,Huddersfield Town,0.0,3.0
2017-08-12,West Bromwich Albion,AFC Bournemouth,1.0,0.0
2017-08-12,Watford,Liverpool,3.0,3.0
2017-08-13,Newcastle,Tottenham Hotspur,0.0,2.0
2017-08-13,Manchester United,West Ham United,4.0,0.0
2017-08-19,Swansea City,Manchester United,0.0,4.0
2017-08-19,Burnley,West Bromwich Albion,0.0,1.0
2017-08-19,Southampton,West Ham United,3.0,2.0
2017-08-19,AFC Bournemouth,Watford,0.0,2.0
2017-08-19,Leicester City,Brighton and Hove Albion,2.0,0.0
2017-08-19,Stoke City,Arsenal,1.0,0.0
2017-08-19,Liverpool,Crystal Palace,1.0,0.0
2017-08-20,Huddersfield Town,Newcastle,1.0,0.0
2017-08-20,Tottenham Hotspur,Chelsea,1.0,2.0
2017-08-21,Manchester City,Everton,1.0,1.0
2017-08-26,Manchester United,Leicester City,2.0,0.0
2017-08-26,Huddersfield Town,Southampton,0.0,0.0
2017-08-26,Newcastle,West Ham United,3.0,0.0
2017-08-26,Crystal Palace,Swansea City,0.0,2.0
2017-08-26,AFC Bournemouth,Manchester City,1.0,2.0
2017-08-26,Watford,Brighton and Hove Albion,0.0,0.0
2017-08-27,Chelsea,Everton,2.0,0.0
2017-08-27,West Bromwich Albion,Stoke City,1.0,1.0
2017-08-27,Tottenham Hotspur,Burnley,1.0,1.0
2017-08-27,Liverpool,Arsenal,4.0,0.0
2017-09-09,Stoke City,Manchester United,2.0,2.0
2017-09-09,Arsenal,AFC Bournemouth,3.0,0.0
2017-09-09,Leicester City,Chelsea,1.0,2.0
2017-09-09,Brighton and Hove Albion,West Bromwich Albion,3.0,1.0
2017-09-09,Everton,Tottenham Hotspur,0.0,3.0
2017-09-09,Manchester City,Liverpool,5.0,0.0
2017-09-09,Southampton,Watford,0.0,2.0
2017-09-10,Burnley,Crystal Palace,1.0,0.0
2017-09-10,Swansea City,Newcastle,0.0,1.0
2017-09-11,West Ham United,Huddersfield Town,2.0,0.0
2017-09-15,AFC Bournemouth,Brighton and Hove Albion,2.0,1.0
2017-09-16,Newcastle,Stoke City,2.0,1.0
2017-09-16,Liverpool,Burnley,1.0,1.0
2017-09-16,Tottenham Hotspur,Swansea City,0.0,0.0
2017-09-16,Watford,Manchester City,0.0,6.0
2017-09-16,Crystal Palace,Southampton,0.0,1.0
2017-09-16,West Bromwich Albion,West Ham United,0.0,0.0
2017-09-16,Huddersfield Town,Leicester City,1.0,1.0
2017-09-17,Chelsea,Arsenal,0.0,0.0
2017-09-17,Manchester United,Everton,4.0,0.0
2017-09-23,West Ham United,Tottenham Hotspur,2.0,3.0
2017-09-23,Everton,AFC Bournemouth,2.0,1.0
2017-09-23,Stoke City,Chelsea,0.0,4.0
2017-09-23,Burnley,Huddersfield Town,0.0,0.0
2017-09-23,Manchester City,Crystal Palace,5.0,0.0
2017-09-23,Southampton,Manchester United,0.0,1.0
2017-09-23,Swansea City,Watford,1.0,2.0
2017-09-23,Leicester City,Liverpool,2.0,3.0
2017-09-24,Brighton and Hove Albion,Newcastle,1.0,0.0
2017-09-25,Arsenal,West Bromwich Albion,2.0,0.0
2017-09-30,Chelsea,Manchester City,0.0,1.0
2017-09-30,Stoke City,Southampton,2.0,1.0
2017-09-30,West Bromwich Albion,Watford,2.0,2.0
2017-09-30,Manchester United,Crystal Palace,4.0,0.0
2017-09-30,AFC Bournemouth,Leicester City,0.0,0.0
2017-09-30,West Ham United,Swansea City,1.0,0.0
2017-09-30,Huddersfield Town,Tottenham Hotspur,0.0,4.0
2017-10-01,Arsenal,Brighton and Hove Albion,2.0,0.0
2017-10-01,Everton,Burnley,0.0,1.0
2017-10-01,Newcastle,Liverpool,1.0,1.0
2017-10-14,Liverpool,Manchester United,0.0,0.0
2017-10-14,Tottenham Hotspur,AFC Bournemouth,1.0,0.0
2017-10-14,Crystal Palace,Chelsea,2.0,1.0
2017-10-14,Manchester City,Stoke City,7.0,2.0
2017-10-14,Swansea City,Huddersfield Town,2.0,0.0
2017-10-14,Burnley,West Ham United,1.0,1.0
2017-10-14,Watford,Arsenal,2.0,1.0
2017-10-15,Brighton and Hove Albion,Everton,1.0,1.0
2017-10-15,Southampton,Newcastle,2.0,2.0
2017-10-16,Leicester City,West Bromwich Albion,1.0,1.0
2017-10-20,West Ham United,Brighton and Hove Albion,0.0,3.0
2017-10-21,Chelsea,Watford,4.0,2.0
2017-10-21,Stoke City,AFC Bournemouth,1.0,2.0
2017-10-21,Huddersfield Town,Manchester United,2.0,1.0
2017-10-21,Manchester City,Burnley,3.0,0.0
2017-10-21,Newcastle,Crystal Palace,1.0,0.0
2017-10-21,Swansea City,Leicester City,1.0,2.0
2017-10-21,Southampton,West Bromwich Albion,1.0,0.0
2017-10-22,Everton,Arsenal,2.0,5.0
2017-10-22,Tottenham Hotspur,Liverpool,4.0,1.0
2017-10-28,West Bromwich Albion,Manchester City,2.0,3.0
2017-10-28,Watford,Stoke City,0.0,1.0
2017-10-28,Crystal Palace,West Ham United,2.0,2.0
2017-10-28,AFC Bournemouth,Chelsea,0.0,1.0
2017-10-28,Liverpool,Huddersfield Town,3.0,0.0
2017-10-28,Manchester United,Tottenham Hotspur,1.0,0.0
2017-10-28,Arsenal,Swansea City,2.0,1.0
2017-10-29,Brighton and Hove Albion,Southampton,1.0,1.0
2017-10-29,Leicester City,Everton,2.0,0.0
2017-10-30,Burnley,Newcastle,1.0,0.0
2017-11-04,West Ham United,Liverpool,1.0,4.0
2017-11-04,Southampton,Burnley,0.0,1.0
2017-11-04,Swansea City,Brighton and Hove Albion,0.0,1.0
2017-11-04,Huddersfield Town,West Bromwich Albion,1.0,0.0
2017-11-04,Stoke City,Leicester City,2.0,2.0
2017-11-04,Newcastle,AFC Bournemouth,0.0,1.0
2017-11-05,Tottenham Hotspur,Crystal Palace,1.0,0.0
2017-11-05,Manchester City,Arsenal,3.0,1.0
2017-11-05,Chelsea,Manchester United,1.0,0.0
2017-11-05,Everton,Watford,3.0,2.0
2017-11-18,West Bromwich Albion,Chelsea,0.0,4.0
2017-11-18,Liverpool,Southampton,3.0,0.0
2017-11-18,Leicester City,Manchester City,0.0,2.0
2017-11-18,Manchester United,Newcastle,4.0,1.0
2017-11-18,Burnley,Swansea City,2.0,0.0
2017-11-18,AFC Bournemouth,Huddersfield Town,4.0,0.0
2017-11-18,Crystal Palace,Everton,2.0,2.0
2017-11-18,Arsenal,Tottenham Hotspur,2.0,0.0
2017-11-19,Watford,West Ham United,2.0,0.0
2017-11-20,Brighton and Hove Albion,Stoke City,2.0,2.0
2017-11-24,West Ham United,Leicester City,1.0,1.0
2017-11-25,Crystal Palace,Stoke City,2.0,1.0
2017-11-25,Swansea City,AFC Bournemouth,0.0,0.0
2017-11-25,Manchester United,Brighton and Hove Albion,1.0,0.0
2017-11-25,Tottenham Hotspur,West Bromwich Albion,1.0,1.0
2017-11-25,Newcastle,Watford,0.0,3.0
2017-11-25,Liverpool,Chelsea,1.0,1.0
2017-11-26,Southampton,Everton,4.0,1.0
2017-11-26,Burnley,Arsenal,0.0,1.0
2017-11-26,Huddersfield Town,Manchester City,1.0,2.0
2017-11-28,West Bromwich Albion,Newcastle,2.0,2.0
2017-11-28,Watford,Manchester United,2.0,4.0
2017-11-28,Brighton and Hove Albion,Crystal Palace,0.0,0.0
2017-11-28,Leicester City,Tottenham Hotspur,2.0,1.0
2017-11-29,AFC Bournemouth,Burnley,1.0,2.0
2017-11-29,Arsenal,Huddersfield Town,5.0,0.0
2017-11-29,Chelsea,Swansea City,1.0,0.0
2017-11-29,Stoke City,Liverpool,0.0,3.0
2017-11-29,Everton,West Ham United,4.0,0.0
2017-11-29,Manchester City,Southampton,2.0,1.0
2017-12-02,Chelsea,Newcastle,3.0,1.0
2017-12-02,West Bromwich Albion,Crystal Palace,0.0,0.0
2017-12-02,Watford,Tottenham Hotspur,1.0,1.0
2017-12-02,Leicester City,Burnley,1.0,0.0
2017-12-02,Stoke City,Swansea City,2.0,1.0
2017-12-02,Everton,Huddersfield Town,2.0,0.0
2017-12-02,Brighton and Hove Albion,Liverpool,1.0,5.0
2017-12-02,Arsenal,Manchester United,1.0,3.0
2017-12-03,Manchester City,West Ham United,2.0,1.0
2017-12-03,AFC Bournemouth,Southampton,1.0,1.0
2017-12-09,West Ham United,Chelsea,1.0,0.0
2017-12-09,Tottenham Hotspur,Stoke City,5.0,1.0
2017-12-09,Crystal Palace,AFC Bournemouth,2.0,2.0
2017-12-09,Burnley,Watford,1.0,0.0
2017-12-09,Swansea City,West Bromwich Albion,1.0,0.0
2017-12-09,Huddersfield Town,Brighton and Hove Albion,2.0,0.0
2017-12-09,Newcastle,Leicester City,2.0,3.0
2017-12-10,Southampton,Arsenal,1.0,1.0
2017-12-10,Liverpool,Everton,1.0,1.0
2017-12-10,Manchester United,Manchester City,1.0,2.0
2017-12-12,Burnley,Stoke City,1.0,0.0
2017-12-12,Huddersfield Town,Chelsea,1.0,3.0
2017-12-12,Crystal Palace,Watford,2.0,1.0
2017-12-13,Liverpool,West Bromwich Albion,0.0,0.0
2017-12-13,Tottenham Hotspur,Brighton and Hove Albion,2.0,0.0
2017-12-13,West Ham United,Arsenal,0.0,0.0
2017-12-13,Southampton,Leicester City,1.0,4.0
2017-12-13,Newcastle,Everton,0.0,1.0
2017-12-13,Swansea City,Manchester City,0.0,4.0
2017-12-13,Manchester United,AFC Bournemouth,1.0,0.0
2017-12-16,Leicester City,Crystal Palace,0.0,3.0
2017-12-16,Brighton and Hove Albion,Burnley,0.0,0.0
2017-12-16,Chelsea,Southampton,1.0,0.0
2017-12-16,Watford,Huddersfield Town,1.0,4.0
2017-12-16,Arsenal,Newcastle,1.0,0.0
2017-12-16,Stoke City,West Ham United,0.0,3.0
2017-12-16,Manchester City,Tottenham Hotspur,4.0,1.0
2017-12-17,West Bromwich Albion,Manchester United,1.0,2.0
2017-12-17,AFC Bournemouth,Liverpool,0.0,4.0
2017-12-18,Everton,Swansea City,3.0,1.0
2017-12-22,Arsenal,Liverpool,3.0,3.0
2017-12-23,Burnley,Tottenham Hotspur,0.0,3.0
2017-12-23,Stoke City,West Bromwich Albion,3.0,1.0
2017-12-23,Leicester City,Manchester United,2.0,2.0
2017-12-23,Brighton and Hove Albion,Watford,1.0,0.0
2017-12-23,Swansea City,Crystal Palace,1.0,1.0
2017-12-23,West Ham United,Newcastle,2.0,3.0
2017-12-23,Manchester City,AFC Bournemouth,4.0,0.0
2017-12-23,Southampton,Huddersfield Town,1.0,1.0
2017-12-23,Everton,Chelsea,0.0,0.0
2017-12-26,Liverpool,Swansea City,5.0,0.0
2017-12-26,Chelsea,Brighton and Hove Albion,2.0,0.0
2017-12-26,West Bromwich Albion,Everton,0.0,0.0
2017-12-26,Watford,Leicester City,2.0,1.0
2017-12-26,AFC Bournemouth,West Ham United,3.0,3.0
2017-12-26,Manchester United,Burnley,2.0,2.0
2017-12-26,Tottenham Hotspur,Southampton,5.0,2.0
2017-12-26,Huddersfield Town,Stoke City,1.0,1.0
2017-12-27,Newcastle,Manchester City,0.0,1.0
2017-12-28,Crystal Palace,Arsenal,2.0,3.0
2017-12-30,AFC Bournemouth,Everton,2.0,1.0
2017-12-30,Manchester United,Southampton,0.0,0.0
2017-12-30,Watford,Swansea City,1.0,2.0
2017-12-30,Newcastle,Brighton and Hove Albion,0.0,0.0
2017-12-30,Liverpool,Leicester City,2.0,1.0
2017-12-30,Chelsea,Stoke City,5.0,0.0
2017-12-30,Huddersfield Town,Burnley,0.0,0.0
2017-12-31,Crystal Palace,Manchester City,0.0,0.0
2017-12-31,West Bromwich Albion,Arsenal,1.0,1.0
2018-01-01,Brighton and Hove Albion,AFC Bournemouth,2.0,2.0
2018-01-01,Leicester City,Huddersfield Town,3.0,0.0
2018-01-01,Stoke City,Newcastle,0.0,1.0
2018-01-01,Burnley,Liverpool,1.0,2.0
2018-01-01,Everton,Manchester United,0.0,2.0
2018-01-02,Manchester City,Watford,3.0,1.0
2018-01-02,Southampton,Crystal Palace,1.0,2.0
2018-01-02,Swansea City,Tottenham Hotspur,0.0,2.0
2018-01-02,West Ham United,West Bromwich Albion,2.0,1.0
2018-01-03,Arsenal,Chelsea,2.0,2.0
2018-01-04,Tottenham Hotspur,West Ham United,1.0,1.0
2018-01-13,Watford,Southampton,2.0,2.0
2018-01-13,Crystal Palace,Burnley,1.0,0.0
2018-01-13,Chelsea,Leicester City,0.0,0.0
2018-01-13,Huddersfield Town,West Ham United,1.0,4.0
2018-01-13,West Bromwich Albion,Brighton and Hove Albion,2.0,0.0
2018-01-13,Newcastle,Swansea City,1.0,1.0
2018-01-13,Tottenham Hotspur,Everton,4.0,0.0
2018-01-14,AFC Bournemouth,Arsenal,2.0,1.0
2018-01-14,Liverpool,Manchester City,4.0,3.0
2018-01-15,Manchester United,Stoke City,3.0,0.0
2018-01-20,Manchester City,Newcastle,3.0,1.0
2018-01-20,Burnley,Manchester United,0.0,1.0
2018-01-20,Leicester City,Watford,2.0,0.0
2018-01-20,Everton,West Bromwich Albion,1.0,1.0
2018-01-20,Stoke City,Huddersfield Town,2.0,0.0
2018-01-20,West Ham United,AFC Bournemouth,1.0,1.0
2018-01-20,Brighton and Hove Albion,Chelsea,0.0,4.0
2018-01-20,Arsenal,Crystal Palace,4.0,1.0
2018-01-21,Southampton,Tottenham Hotspur,1.0,1.0
2018-01-22,Swansea City,Liverpool,1.0,0.0
2018-01-30,West Ham United,Crystal Palace,1.0,1.0
2018-01-30,Swansea City,Arsenal,3.0,1.0
2018-01-30,Huddersfield Town,Liverpool,0.0,3.0
2018-01-31,Tottenham Hotspur,Manchester United,2.0,0.0
2018-01-31,Stoke City,Watford,0.0,0.0
2018-01-31,Manchester City,West Bromwich Albion,3.0,0.0
2018-01-31,Southampton,Brighton and Hove Albion,1.0,1.0
2018-01-31,Chelsea,AFC Bournemouth,0.0,3.0
2018-01-31,Newcastle,Burnley,1.0,1.0
2018-01-31,Everton,Leicester City,2.0,1.0
2018-02-03,Brighton and Hove Albion,West Ham United,3.0,1.0
2018-02-03,AFC Bournemouth,Stoke City,2.0,1.0
2018-02-03,West Bromwich Albion,Southampton,2.0,3.0
2018-02-03,Arsenal,Everton,5.0,1.0
2018-02-03,Manchester United,Huddersfield Town,2.0,0.0
2018-02-03,Burnley,Manchester City,1.0,1.0
2018-02-03,Leicester City,Swansea City,1.0,1.0
2018-02-04,Crystal Palace,Newcastle,1.0,1.0
2018-02-04,Liverpool,Tottenham Hotspur,2.0,2.0
2018-02-05,Watford,Chelsea,4.0,1.0
2018-02-10,Manchester City,Leicester City,5.0,1.0
2018-02-10,Stoke City,Brighton and Hove Albion,1.0,1.0
2018-02-10,Everton,Crystal Palace,3.0,1.0
2018-02-10,Swansea City,Burnley,1.0,0.0
2018-02-10,Tottenham Hotspur,Arsenal,1.0,0.0
2018-02-10,West Ham United,Watford,2.0,0.0
2018-02-11,Huddersfield Town,AFC Bournemouth,4.0,1.0
2018-02-11,Newcastle,Manchester United,1.0,0.0
2018-02-11,Southampton,Liverpool,0.0,2.0
2018-02-12,Chelsea,West Bromwich Albion,3.0,0.0
2018-02-24,Brighton and Hove Albion,Swansea City,4.0,1.0
2018-02-24,Watford,Everton,1.0,0.0
2018-02-24,Burnley,Southampton,1.0,1.0
2018-02-24,Liverpool,West Ham United,4.0,1.0
2018-02-24,AFC Bournemouth,Newcastle,2.0,2.0
2018-02-24,West Bromwich Albion,Huddersfield Town,1.0,2.0
2018-02-24,Leicester City,Stoke City,1.0,1.0
2018-02-25,Crystal Palace,Tottenham Hotspur,0.0,1.0
2018-02-25,Manchester United,Chelsea,2.0,1.0
2018-03-01,Arsenal,Manchester City,0.0,3.0
2018-03-03,Liverpool,Newcastle,2.0,0.0
2018-03-03,Southampton,Stoke City,0.0,0.0
2018-03-03,Leicester City,AFC Bournemouth,1.0,1.0
2018-03-03,Tottenham Hotspur,Huddersfield Town,2.0,0.0
2018-03-03,Swansea City,West Ham United,4.0,1.0
2018-03-03,Watford,West Bromwich Albion,1.0,0.0
2018-03-03,Burnley,Everton,2.0,1.0
2018-03-04,Brighton and Hove Albion,Arsenal,2.0,1.0
2018-03-04,Manchester City,Chelsea,1.0,0.0
2018-03-05,Crystal Palace,Manchester United,2.0,3.0
2018-03-10,Chelsea,Crystal Palace,2.0,1.0
2018-03-10,Newcastle,Southampton,3.0,0.0
2018-03-10,Everton,Brighton and Hove Albion,2.0,0.0
2018-03-10,Manchester United,Liverpool,2.0,1.0
2018-03-10,West Bromwich Albion,Leicester City,1.0,4.0
2018-03-10,West Ham United,Burnley,0.0,3.0
2018-03-10,Huddersfield Town,Swansea City,0.0,0.0
2018-03-11,Arsenal,Watford,3.0,0.0
2018-03-11,AFC Bournemouth,Tottenham Hotspur,1.0,4.0
2018-03-12,Stoke City,Manchester City,0.0,2.0
2018-03-17,AFC Bournemouth,West Bromwich Albion,2.0,1.0
2018-03-17,Huddersfield Town,Crystal Palace,0.0,2.0
2018-03-17,Stoke City,Everton,1.0,2.0
2018-03-17,Liverpool,Watford,5.0,0.0
2018-03-31,Everton,Manchester City,1.0,3.0
2018-03-31,Watford,AFC Bournemouth,2.0,2.0
2018-03-31,Manchester United,Swansea City,2.0,0.0
2018-03-31,Brighton and Hove Albion,Leicester City,0.0,2.0
2018-03-31,West Ham United,Southampton,3.0,0.0
2018-03-31,Newcastle,Huddersfield Town,1.0,0.0
2018-03-31,Crystal Palace,Liverpool,1.0,2.0
2018-03-31,West Bromwich Albion,Burnley,1.0,2.0
2018-04-01,Arsenal,Stoke City,3.0,0.0
2018-04-01,Chelsea,Tottenham Hotspur,1.0,3.0
2018-04-07,Manchester City,Manchester United,2.0,3.0
2018-04-07,AFC Bournemouth,Crystal Palace,2.0,2.0
2018-04-07,West Bromwich Albion,Swansea City,1.0,1.0
2018-04-07,Stoke City,Tottenham Hotspur,1.0,2.0
2018-04-07,Brighton and Hove Albion,Huddersfield Town,1.0,1.0
2018-04-07,Watford,Burnley,1.0,2.0
2018-04-07,Everton,Liverpool,0.0,0.0
2018-04-07,Leicester City,Newcastle,1.0,2.0
2018-04-08,Arsenal,Southampton,3.0,2.0
2018-04-08,Chelsea,West Ham United,1.0,1.0
2018-04-14,Liverpool,AFC Bournemouth,3.0,0.0
2018-04-14,Tottenham Hotspur,Manchester City,1.0,3.0
2018-04-14,Crystal Palace,Brighton and Hove Albion,3.0,2.0
2018-04-14,Burnley,Leicester City,2.0,1.0
2018-04-14,Swansea City,Everton,1.0,1.0
2018-04-14,Huddersfield Town,Watford,1.0,0.0
2018-04-14,Southampton,Chelsea,2.0,3.0
2018-04-15,Newcastle,Arsenal,2.0,1.0
2018-04-15,Manchester United,West Bromwich Albion,0.0,1.0
2018-04-16,West Ham United,Stoke City,1.0,1.0
2018-04-17,Brighton and Hove Albion,Tottenham Hotspur,1.0,1.0
2018-04-18,AFC Bournemouth,Manchester United,0.0,2.0
2018-04-19,Burnley,Chelsea,1.0,2.0
2018-04-19,Leicester City,Southampton,0.0,0.0
2018-04-21,West Bromwich Albion,Liverpool,2.0,2.0
2018-04-21,Watford,Crystal Palace,0.0,0.0
2018-04-22,Arsenal,West Ham United,4.0,1.0
2018-04-22,Stoke City,Burnley,1.0,1.0
2018-04-22,Manchester City,Swansea City,5.0,0.0
2018-04-23,Everton,Newcastle,1.0,0.0
2018-04-28,Huddersfield Town,Everton,0.0,2.0
2018-04-28,Swansea City,Chelsea,0.0,1.0
2018-04-28,Crystal Palace,Leicester City,5.0,0.0
2018-04-28,Liverpool,Stoke City,0.0,0.0
2018-04-28,Newcastle,West Bromwich Albion,0.0,1.0
2018-04-28,Burnley,Brighton and Hove Albion,0.0,0.0
2018-04-28,Southampton,AFC Bournemouth,2.0,1.0
2018-04-29,West Ham United,Manchester City,1.0,4.0
2018-04-29,Manchester United,Arsenal,2.0,1.0
2018-04-30,Tottenham Hotspur,Watford,2.0,0.0
2018-05-04,Brighton and Hove Albion,Manchester United,1.0,0.0
2018-05-05,Everton,Southampton,1.0,1.0
2018-05-05,Stoke City,Crystal Palace,1.0,2.0
2018-05-05,Leicester City,West Ham United,0.0,2.0
2018-05-05,AFC Bournemouth,Swansea City,1.0,0.0
2018-05-05,West Bromwich Albion,Tottenham Hotspur,1.0,0.0
2018-05-05,Watford,Newcastle,2.0,1.0
2018-05-06,Chelsea,Liverpool,1.0,0.0
2018-05-06,Arsenal,Burnley,5.0,0.0
2018-05-06,Manchester City,Huddersfield Town,0.0,0.0
2018-05-08,Swansea City,Southampton,0.0,1.0
2018-05-09,Leicester City,Arsenal,3.0,1.0
2018-05-09,Chelsea,Huddersfield Town,1.0,1.0
2018-05-09,Manchester City,Brighton and Hove Albion,3.0,1.0
2018-05-09,Tottenham Hotspur,Newcastle,1.0,0.0
2018-05-10,West Ham United,Manchester United,0.0,0.0
2018-05-13,West Ham United,Everton,3.0,1.0
2018-05-13,Manchester United,Watford,1.0,0.0
2018-05-13,Liverpool,Brighton and Hove Albion,4.0,0.0
2018-05-13,Crystal Palace,West Bromwich Albion,2.0,0.0
2018-05-13,Southampton,Manchester City,0.0,1.0
2018-05-13,Burnley,AFC Bournemouth,1.0,2.0
2018-05-13,Tottenham Hotspur,Leicester City,5.0,4.0
2018-05-13,Huddersfield Town,Arsenal,0.0,1.0
2018-05-13,Swansea City,Stoke City,1.0,2.0
2018-05-13,Newcastle,Chelsea,3.0,0.0
2018-08-10,Manchester United,Leicester City,2.0,1.0
2018-08-11,Wolverhampton,Everton,2.0,2.0
2018-08-11,Huddersfield Town,Chelsea,0.0,3.0
2018-08-11,Fulham,Crystal Palace,0.0,2.0
2018-08-11,AFC Bournemouth,Cardiff City,2.0,0.0
2018-08-11,Newcastle,Tottenham Hotspur,1.0,2.0
2018-08-11,Watford,Brighton and Hove Albion,2.0,0.0
2018-08-12,Southampton,Burnley,0.0,0.0
2018-08-12,Liverpool,West Ham United,4.0,0.0
2018-08-12,Arsenal,Manchester City,0.0,2.0
2018-08-18,Chelsea,Arsenal,3.0,2.0
2018-08-18,Cardiff City,Newcastle,0.0,0.0
2018-08-18,Leicester City,Wolverhampton,2.0,0.0
2018-08-18,Everton,Southampton,2.0,1.0
2018-08-18,West Ham United,AFC Bournemouth,1.0,2.0
2018-08-18,Tottenham Hotspur,Fulham,3.0,1.0
2018-08-19,Manchester City,Huddersfield Town,6.0,1.0
2018-08-19,Brighton and Hove Albion,Manchester United,3.0,2.0
2018-08-19,Burnley,Watford,1.0,3.0
2018-08-20,Crystal Palace,Liverpool,0.0,2.0
2018-08-25,Wolverhampton,Manchester City,1.0,1.0
2018-08-25,AFC Bournemouth,Everton,2.0,2.0
2018-08-25,Southampton,Leicester City,1.0,2.0
2018-08-25,Huddersfield Town,Cardiff City,0.0,0.0
2018-08-25,Arsenal,West Ham United,3.0,1.0
2018-08-25,Liverpool,Brighton and Hove Albion,1.0,0.0
2018-08-26,Watford,Crystal Palace,2.0,1.0
2018-08-26,Newcastle,Chelsea,1.0,2.0
2018-08-26,Fulham,Burnley,4.0,2.0
2018-08-27,Manchester United,Tottenham Hotspur,0.0,3.0
2018-09-01,Manchester City,Newcastle,2.0,1.0
2018-09-01,Brighton and Hove Albion,Fulham,2.0,2.0
2018-09-01,Crystal Palace,Southampton,0.0,2.0
2018-09-01,West Ham United,Wolverhampton,0.0,1.0
2018-09-01,Everton,Huddersfield Town,1.0,1.0
2018-09-01,Leicester City,Liverpool,1.0,2.0
2018-09-01,Chelsea,AFC Bournemouth,2.0,0.0
2018-09-02,Cardiff City,Arsenal,2.0,3.0
2018-09-02,Burnley,Manchester United,0.0,2.0
2018-09-02,Watford,Tottenham Hotspur,2.0,1.0
2018-09-15,Watford,Manchester United,1.0,2.0
2018-09-15,Chelsea,Cardiff City,4.0,1.0
2018-09-15,Manchester City,Fulham,3.0,0.0
2018-09-15,AFC Bournemouth,Leicester City,4.0,2.0
2018-09-15,Newcastle,Arsenal,1.0,2.0
2018-09-15,Tottenham Hotspur,Liverpool,1.0,2.0
2018-09-15,Huddersfield Town,Crystal Palace,0.0,1.0
2018-09-16,Wolverhampton,Burnley,1.0,0.0
2018-09-16,Everton,West Ham United,1.0,3.0
2018-09-17,Southampton,Brighton and Hove Albion,2.0,2.0
2018-09-22,Crystal Palace,Newcastle,0.0,0.0
2018-09-22,Brighton and Hove Albion,Tottenham Hotspur,1.0,2.0
2018-09-22,Liverpool,Southampton,3.0,0.0
2018-09-22,Leicester City,Huddersfield Town,3.0,1.0
2018-09-22,Fulham,Watford,1.0,1.0
2018-09-22,Cardiff City,Manchester City,0.0,5.0
2018-09-22,Manchester United,Wolverhampton,1.0,1.0
2018-09-22,Burnley,AFC Bournemouth,4.0,0.0
2018-09-23,West Ham United,Chelsea,0.0,0.0
2018-09-23,Arsenal,Everton,2.0,0.0
2018-09-29,West Ham United,Manchester United,3.0,1.0
2018-09-29,Wolverhampton,Southampton,2.0,0.0
2018-09-29,Huddersfield Town,Tottenham Hotspur,0.0,2.0
2018-09-29,Manchester City,Brighton and Hove Albion,2.0,0.0
2018-09-29,Newcastle,Leicester City,0.0,2.0
2018-09-29,Arsenal,Watford,2.0,0.0
2018-09-29,Everton,Fulham,3.0,0.0
2018-09-29,Chelsea,Liverpool,1.0,1.0
2018-09-30,Cardiff City,Burnley,1.0,2.0
2018-10-01,AFC Bournemouth,Crystal Palace,2.0,1.0
2018-10-05,Brighton and Hove Albion,West Ham United,1.0,0.0
2018-10-06,Tottenham Hotspur,Cardiff City,1.0,0.0
2018-10-06,Watford,AFC Bournemouth,0.0,4.0
2018-10-06,Crystal Palace,Wolverhampton,0.0,1.0
2018-10-06,Leicester City,Everton,1.0,2.0
2018-10-06,Burnley,Huddersfield Town,1.0,1.0
2018-10-06,Manchester United,Newcastle,3.0,2.0
2018-10-07,Fulham,Arsenal,1.0,5.0
2018-10-07,Southampton,Chelsea,0.0,3.0
2018-10-07,Liverpool,Manchester City,0.0,0.0
2018-10-20,Newcastle,Brighton and Hove Albion,0.0,1.0
2018-10-20,AFC Bournemouth,Southampton,0.0,0.0
2018-10-20,West Ham United,Tottenham Hotspur,0.0,1.0
2018-10-20,Huddersfield Town,Liverpool,0.0,1.0
2018-10-20,Wolverhampton,Watford,0.0,2.0
2018-10-20,Cardiff City,Fulham,4.0,2.0
2018-10-20,Chelsea,Manchester United,2.0,2.0
2018-10-20,Manchester City,Burnley,5.0,0.0
2018-10-21,Everton,Crystal Palace,2.0,0.0
2018-10-22,Arsenal,Leicester City,3.0,1.0
2018-10-27,Liverpool,Cardiff City,4.0,1.0
2018-10-27,Fulham,AFC Bournemouth,0.0,3.0
2018-10-27,Watford,Huddersfield Town,3.0,0.0
2018-10-27,Brighton and Hove Albion,Wolverhampton,1.0,0.0
2018-10-27,Southampton,Newcastle,0.0,0.0
2018-10-27,Leicester City,West Ham United,1.0,1.0
2018-10-28,Crystal Palace,Arsenal,2.0,2.0
2018-10-28,Burnley,Chelsea,0.0,4.0
2018-10-28,Manchester United,Everton,2.0,1.0
2018-10-29,Tottenham Hotspur,Manchester City,0.0,1.0
2018-11-03,Arsenal,Liverpool,1.0,1.0
2018-11-03,West Ham United,Burnley,4.0,2.0
2018-11-03,Cardiff City,Leicester City,0.0,1.0
2018-11-03,Wolverhampton,Tottenham Hotspur,2.0,3.0
2018-11-03,Everton,Brighton and Hove Albion,3.0,1.0
2018-11-03,AFC Bournemouth,Manchester United,1.0,2.0
2018-11-03,Newcastle,Watford,1.0,0.0
2018-11-04,Manchester City,Southampton,6.0,1.0
2018-11-04,Chelsea,Crystal Palace,3.0,1.0
2018-11-05,Huddersfield Town,Fulham,1.0,0.0
2018-11-10,Crystal Palace,Tottenham Hotspur,0.0,1.0
2018-11-10,Southampton,Watford,1.0,1.0
2018-11-10,Leicester City,Burnley,0.0,0.0
2018-11-10,Huddersfield Town,West Ham United,1.0,1.0
2018-11-10,Cardiff City,Brighton and Hove Albion,2.0,1.0
2018-11-10,Newcastle,AFC Bournemouth,2.0,1.0
2018-11-11,Liverpool,Fulham,2.0,0.0
2018-11-11,Chelsea,Everton,0.0,0.0
2018-11-11,Manchester City,Manchester United,3.0,1.0
2018-11-11,Arsenal,Wolverhampton,1.0,1.0
2018-11-24,Watford,Liverpool,0.0,3.0
2018-11-24,Everton,Cardiff City,1.0,0.0
2018-11-24,Fulham,Southampton,3.0,2.0
2018-11-24,Tottenham Hotspur,Chelsea,3.0,1.0
2018-11-24,Manchester United,Crystal Palace,0.0,0.0
2018-11-24,Brighton and Hove Albion,Leicester City,1.0,1.0
2018-11-24,West Ham United,Manchester City,0.0,4.0
2018-11-25,AFC Bournemouth,Arsenal,1.0,2.0
2018-11-25,Wolverhampton,Huddersfield Town,0.0,2.0
2018-11-26,Burnley,Newcastle,1.0,2.0
2018-11-30,Cardiff City,Wolverhampton,2.0,1.0
2018-12-01,Southampton,Manchester United,2.0,2.0
2018-12-01,Leicester City,Watford,2.0,0.0
2018-12-01,Newcastle,West Ham United,0.0,3.0
2018-12-01,Manchester City,AFC Bournemouth,3.0,1.0
2018-12-01,Huddersfield Town,Brighton and Hove Albion,1.0,2.0
2018-12-01,Crystal Palace,Burnley,2.0,0.0
2018-12-02,Liverpool,Everton,1.0,0.0
2018-12-02,Chelsea,Fulham,2.0,0.0
2018-12-02,Arsenal,Tottenham Hotspur,4.0,2.0
2018-12-04,West Ham United,Cardiff City,3.0,1.0
2018-12-04,Watford,Manchester City,1.0,2.0
2018-12-04,Brighton and Hove Albion,Crystal Palace,3.0,1.0
2018-12-04,AFC Bournemouth,Huddersfield Town,2.0,1.0
2018-12-05,Burnley,Liverpool,1.0,3.0
2018-12-05,Everton,Newcastle,1.0,1.0
2018-12-05,Wolverhampton,Chelsea,2.0,1.0
2018-12-05,Fulham,Leicester City,1.0,1.0
2018-12-05,Tottenham Hotspur,Southampton,3.0,1.0
2018-12-05,Manchester United,Arsenal,2.0,2.0
2018-12-08,Leicester City,Tottenham Hotspur,0.0,2.0
2018-12-08,Chelsea,Manchester City,2.0,0.0
2018-12-08,Manchester United,Fulham,4.0,1.0
2018-12-08,Burnley,Brighton and Hove Albion,1.0,0.0
2018-12-08,West Ham United,Crystal Palace,3.0,2.0
2018-12-08,Arsenal,Huddersfield Town,1.0,0.0
2018-12-08,AFC Bournemouth,Liverpool,0.0,4.0
2018-12-08,Cardiff City,Southampton,1.0,0.0
2018-12-09,Newcastle,Wolverhampton,1.0,2.0
2018-12-10,Everton,Watford,2.0,2.0
2018-12-15,Huddersfield Town,Newcastle,0.0,1.0
2018-12-15,Fulham,West Ham United,0.0,2.0
2018-12-15,Watford,Cardiff City,3.0,2.0
2018-12-15,Tottenham Hotspur,Burnley,1.0,0.0
2018-12-15,Crystal Palace,Leicester City,1.0,0.0
2018-12-15,Manchester City,Everton,3.0,1.0
2018-12-15,Wolverhampton,AFC Bournemouth,2.0,0.0
2018-12-16,Southampton,Arsenal,3.0,2.0
2018-12-16,Brighton and Hove Albion,Chelsea,1.0,2.0
2018-12-16,Liverpool,Manchester United,3.0,1.0
2018-12-21,Wolverhampton,Liverpool,0.0,2.0
2018-12-22,Cardiff City,Manchester United,1.0,5.0
2018-12-22,Chelsea,Leicester City,0.0,1.0
2018-12-22,West Ham United,Watford,0.0,2.0
2018-12-22,Huddersfield Town,Southampton,1.0,3.0
2018-12-22,Newcastle,Fulham,0.0,0.0
2018-12-22,AFC Bournemouth,Brighton and Hove Albion,2.0,0.0
2018-12-22,Arsenal,Burnley,3.0,1.0
2018-12-22,Manchester City,Crystal Palace,2.0,3.0
2018-12-23,Everton,Tottenham Hotspur,2.0,6.0
2018-12-26,Burnley,Everton,1.0,5.0
2018-12-26,Watford,Chelsea,1.0,2.0
2018-12-26,Brighton and Hove Albion,Arsenal,1.0,1.0
2018-12-26,Manchester United,Huddersfield Town,3.0,1.0
2018-12-26,Tottenham Hotspur,AFC Bournemouth,5.0,0.0
2018-12-26,Leicester City,Manchester City,2.0,1.0
2018-12-26,Crystal Palace,Cardiff City,0.0,0.0
2018-12-26,Liverpool,Newcastle,4.0,0.0
2018-12-26,Fulham,Wolverhampton,1.0,1.0
2018-12-27,Southampton,West Ham United,1.0,2.0
2018-12-29,Liverpool,Arsenal,5.0,1.0
2018-12-29,Tottenham Hotspur,Wolverhampton,1.0,3.0
2018-12-29,Brighton and Hove Albion,Everton,1.0,0.0
2018-12-29,Leicester City,Cardiff City,0.0,1.0
2018-12-29,Fulham,Huddersfield Town,1.0,0.0
2018-12-29,Watford,Newcastle,1.0,1.0
2018-12-30,Manchester United,AFC Bournemouth,4.0,1.0
2018-12-30,Burnley,West Ham United,2.0,0.0
2018-12-30,Crystal Palace,Chelsea,0.0,1.0
2018-12-30,Southampton,Manchester City,1.0,3.0
2019-01-01,Everton,Leicester City,0.0,1.0
2019-01-01,Arsenal,Fulham,4.0,1.0
2019-01-01,Cardiff City,Tottenham Hotspur,0.0,3.0
2019-01-02,West Ham United,Brighton and Hove Albion,2.0,2.0
2019-01-02,Huddersfield Town,Burnley,1.0,2.0
2019-01-02,Wolverhampton,Crystal Palace,0.0,2.0
2019-01-02,AFC Bournemouth,Watford,3.0,3.0
2019-01-02,Chelsea,Southampton,0.0,0.0
2019-01-02,Newcastle,Manchester United,0.0,2.0
2019-01-03,Manchester City,Liverpool,2.0,1.0
2019-01-12,Chelsea,Newcastle,2.0,1.0
2019-01-12,Cardiff City,Huddersfield Town,0.0,0.0
2019-01-12,Crystal Palace,Watford,1.0,2.0
2019-01-12,Brighton and Hove Albion,Liverpool,0.0,1.0
2019-01-12,Leicester City,Southampton,1.0,2.0
2019-01-12,West Ham United,Arsenal,1.0,0.0
2019-01-12,Burnley,Fulham,2.0,1.0
2019-01-13,Everton,AFC Bournemouth,2.0,0.0
2019-01-13,Tottenham Hotspur,Manchester United,0.0,1.0
2019-01-14,Manchester City,Wolverhampton,3.0,0.0
2019-01-19,Arsenal,Chelsea,2.0,0.0
2019-01-19,Watford,Burnley,0.0,0.0
2019-01-19,Newcastle,Cardiff City,3.0,0.0
2019-01-19,AFC Bournemouth,West Ham United,2.0,0.0
2019-01-19,Southampton,Everton,2.0,1.0
2019-01-19,Manchester United,Brighton and Hove Albion,2.0,1.0
2019-01-19,Wolverhampton,Leicester City,4.0,3.0
2019-01-19,Liverpool,Crystal Palace,4.0,3.0
2019-01-20,Huddersfield Town,Manchester City,0.0,3.0
2019-01-20,Fulham,Tottenham Hotspur,1.0,2.0
2019-01-29,Newcastle,Manchester City,2.0,1.0
2019-01-29,Manchester United,Burnley,2.0,2.0
2019-01-29,Wolverhampton,West Ham United,3.0,0.0
2019-01-29,Arsenal,Cardiff City,2.0,1.0
2019-01-29,Huddersfield Town,Everton,0.0,1.0
2019-01-29,Fulham,Brighton and Hove Albion,4.0,2.0
2019-01-30,Southampton,Crystal Palace,1.0,1.0
2019-01-30,AFC Bournemouth,Chelsea,4.0,0.0
2019-01-30,Tottenham Hotspur,Watford,2.0,1.0
2019-01-30,Liverpool,Leicester City,1.0,1.0
2019-02-02,Cardiff City,AFC Bournemouth,2.0,0.0
2019-02-02,Chelsea,Huddersfield Town,5.0,0.0
2019-02-02,Brighton and Hove Albion,Watford,0.0,0.0
2019-02-02,Burnley,Southampton,1.0,1.0
2019-02-02,Crystal Palace,Fulham,2.0,0.0
2019-02-02,Tottenham Hotspur,Newcastle,1.0,0.0
2019-02-02,Everton,Wolverhampton,1.0,3.0
2019-02-03,Leicester City,Manchester United,0.0,1.0
2019-02-03,Manchester City,Arsenal,3.0,1.0
2019-02-04,West Ham United,Liverpool,1.0,1.0
2019-02-06,Everton,Manchester City,0.0,2.0
2019-02-09,Huddersfield Town,Arsenal,1.0,2.0
2019-02-09,Brighton and Hove Albion,Burnley,1.0,3.0
2019-02-09,Southampton,Cardiff City,1.0,2.0
2019-02-09,Fulham,Manchester United,0.0,3.0
2019-02-09,Watford,Everton,1.0,0.0
2019-02-09,Crystal Palace,West Ham United,1.0,1.0
2019-02-09,Liverpool,AFC Bournemouth,3.0,0.0
2019-02-10,Tottenham Hotspur,Leicester City,3.0,1.0
2019-02-10,Manchester City,Chelsea,6.0,0.0
2019-02-11,Wolverhampton,Newcastle,1.0,1.0
2019-02-22,Cardiff City,Watford,1.0,5.0
2019-02-22,West Ham United,Fulham,3.0,1.0
2019-02-23,Newcastle,Huddersfield Town,2.0,0.0
2019-02-23,Burnley,Tottenham Hotspur,2.0,1.0
2019-02-23,AFC Bournemouth,Wolverhampton,1.0,1.0
2019-02-23,Leicester City,Crystal Palace,1.0,4.0
2019-02-24,Manchester United,Liverpool,0.0,0.0
2019-02-24,Arsenal,Southampton,2.0,0.0
2019-02-26,Huddersfield Town,Wolverhampton,1.0,0.0
2019-02-26,Cardiff City,Everton,0.0,3.0
2019-02-26,Leicester City,Brighton and Hove Albion,2.0,1.0
2019-02-26,Newcastle,Burnley,2.0,0.0
2019-02-27,Southampton,Fulham,2.0,0.0
2019-02-27,Arsenal,AFC Bournemouth,5.0,1.0
2019-02-27,Manchester City,West Ham United,1.0,0.0
2019-02-27,Crystal Palace,Manchester United,1.0,3.0
2019-02-27,Chelsea,Tottenham Hotspur,2.0,0.0
2019-02-27,Liverpool,Watford,5.0,0.0
2019-03-02,Manchester United,Southampton,3.0,2.0
2019-03-02,Brighton and Hove Albion,Huddersfield Town,1.0,0.0
2019-03-02,Burnley,Crystal Palace,1.0,3.0
2019-03-02,West Ham United,Newcastle,2.0,0.0
2019-03-02,AFC Bournemouth,Manchester City,0.0,1.0
2019-03-02,Tottenham Hotspur,Arsenal,1.0,1.0
2019-03-02,Wolverhampton,Cardiff City,2.0,0.0
2019-03-03,Watford,Leicester City,2.0,1.0
2019-03-03,Fulham,Chelsea,1.0,2.0
2019-03-03,Everton,Liverpool,0.0,0.0
2019-03-09,Manchester City,Watford,3.0,1.0
2019-03-09,Newcastle,Everton,3.0,2.0
2019-03-09,Cardiff City,West Ham United,2.0,0.0
2019-03-09,Southampton,Tottenham Hotspur,2.0,1.0
2019-03-09,Huddersfield Town,AFC Bournemouth,0.0,2.0
2019-03-09,Crystal Palace,Brighton and Hove Albion,1.0,2.0
2019-03-09,Leicester City,Fulham,3.0,1.0
2019-03-10,Liverpool,Burnley,4.0,2.0
2019-03-10,Chelsea,Wolverhampton,1.0,1.0
2019-03-10,Arsenal,Manchester United,2.0,0.0
2019-03-16,West Ham United,Huddersfield Town,4.0,3.0
2019-03-16,Burnley,Leicester City,1.0,2.0
2019-03-16,AFC Bournemouth,Newcastle,2.0,2.0
2019-03-17,Everton,Chelsea,2.0,0.0
2019-03-17,Fulham,Liverpool,1.0,2.0
2019-03-30,Fulham,Manchester City,0.0,2.0
2019-03-30,Manchester United,Watford,2.0,1.0
2019-03-30,Crystal Palace,Huddersfield Town,2.0,0.0
2019-03-30,Burnley,Wolverhampton,2.0,0.0
2019-03-30,Leicester City,AFC Bournemouth,2.0,0.0
2019-03-30,Brighton and Hove Albion,Southampton,0.0,1.0
2019-03-30,West Ham United,Everton,0.0,2.0
2019-03-31,Liverpool,Tottenham Hotspur,2.0,1.0
2019-03-31,Cardiff City,Chelsea,1.0,2.0
2019-04-01,Arsenal,Newcastle,2.0,0.0
2019-04-02,Wolverhampton,Manchester United,2.0,1.0
2019-04-02,Watford,Fulham,4.0,1.0
2019-04-03,Chelsea,Brighton and Hove Albion,3.0,0.0
2019-04-03,Manchester City,Cardiff City,2.0,0.0
2019-04-03,Tottenham Hotspur,Crystal Palace,2.0,0.0
2019-04-05,Southampton,Liverpool,1.0,3.0
2019-04-06,AFC Bournemouth,Burnley,1.0,3.0
2019-04-06,Huddersfield Town,Leicester City,1.0,4.0
2019-04-06,Newcastle,Crystal Palace,0.0,1.0
2019-04-07,Everton,Arsenal,1.0,0.0
2019-04-08,Chelsea,West Ham United,2.0,0.0
2019-04-12,Leicester City,Newcastle,0.0,1.0
2019-04-13,Manchester United,West Ham United,2.0,1.0
2019-04-13,Brighton and Hove Albion,AFC Bournemouth,0.0,5.0
2019-04-13,Fulham,Everton,2.0,0.0
2019-04-13,Southampton,Wolverhampton,3.0,1.0
2019-04-13,Tottenham Hotspur,Huddersfield Town,4.0,0.0
2019-04-13,Burnley,Cardiff City,2.0,0.0
2019-04-14,Crystal Palace,Manchester City,1.0,3.0
2019-04-14,Liverpool,Chelsea,2.0,0.0
2019-04-15,Watford,Arsenal,0.0,1.0
2019-04-16,Brighton and Hove Albion,Cardiff City,0.0,2.0
2019-04-20,Wolverhampton,Brighton and Hove Albion,0.0,0.0
2019-04-20,Newcastle,Southampton,3.0,1.0
2019-04-20,Huddersfield Town,Watford,1.0,2.0
2019-04-20,AFC Bournemouth,Fulham,0.0,1.0
2019-04-20,Manchester City,Tottenham Hotspur,1.0,0.0
2019-04-20,West Ham United,Leicester City,2.0,2.0
2019-04-21,Everton,Manchester United,4.0,0.0
2019-04-21,Cardiff City,Liverpool,0.0,2.0
2019-04-21,Arsenal,Crystal Palace,2.0,3.0
2019-04-22,Chelsea,Burnley,2.0,2.0
2019-04-23,Watford,Southampton,1.0,1.0
2019-04-23,Tottenham Hotspur,Brighton and Hove Albion,1.0,0.0
2019-04-24,Wolverhampton,Arsenal,3.0,1.0
2019-04-24,Manchester United,Manchester City,0.0,2.0
2019-04-26,Liverpool,Huddersfield Town,5.0,0.0
2019-04-27,Southampton,AFC Bournemouth,3.0,3.0
2019-04-27,Brighton and Hove Albion,Newcastle,1.0,1.0
2019-04-27,Watford,Wolverhampton,1.0,2.0
2019-04-27,Fulham,Cardiff City,1.0,0.0
2019-04-27,Tottenham Hotspur,West Ham United,0.0,1.0
2019-04-27,Crystal Palace,Everton,0.0,0.0
2019-04-28,Leicester City,Arsenal,3.0,0.0
2019-04-28,Burnley,Manchester City,0.0,1.0
2019-04-28,Manchester United,Chelsea,1.0,1.0
2019-05-03,Everton,Burnley,2.0,0.0
2019-05-04,AFC Bournemouth,Tottenham Hotspur,1.0,0.0
2019-05-04,West Ham United,Southampton,3.0,0.0
2019-05-04,Wolverhampton,Fulham,1.0,0.0
2019-05-04,Cardiff City,Crystal Palace,2.0,3.0
2019-05-04,Newcastle,Liverpool,2.0,3.0
2019-05-05,Huddersfield Town,Manchester United,1.0,1.0
2019-05-05,Chelsea,Watford,3.0,0.0
2019-05-05,Arsenal,Brighton and Hove Albion,1.0,1.0
2019-05-06,Manchester City,Leicester City,1.0,0.0
2019-05-12,Southampton,Huddersfield Town,1.0,1.0
2019-05-12,Tottenham Hotspur,Everton,2.0,2.0
2019-05-12,Brighton and Hove Albion,Manchester City,1.0,4.0
2019-05-12,Liverpool,Wolverhampton,2.0,0.0
2019-05-12,Manchester United,Cardiff City,0.0,2.0
2019-05-12,Leicester City,Chelsea,0.0,0.0
2019-05-12,Fulham,Newcastle,0.0,4.0
2019-05-12,Burnley,Arsenal,1.0,3.0
2019-05-12,Watford,West Ham United,1.0,4.0
2019-05-12,Crystal Palace,AFC Bournemouth,5.0,3.0
2019-08-09,Liverpool,Norwich City,4.0,1.0
2019-08-10,West Ham United,Manchester City,0.0,5.0
2019-08-10,Watford,Brighton and Hove Albion,0.0,3.0
2019-08-10,Crystal Palace,Everton,0.0,0.0
2019-08-10,Burnley,Southampton,3.0,0.0
2019-08-10,AFC Bournemouth,Sheffield United,1.0,1.0
2019-08-10,Tottenham Hotspur,Aston Villa,3.0,1.0
2019-08-11,Leicester City,Wolverhampton,0.0,0.0
2019-08-11,Newcastle,Arsenal,0.0,1.0
2019-08-11,Manchester United,Chelsea,4.0,0.0
2019-08-17,Aston Villa,AFC Bournemouth,1.0,2.0
2019-08-17,Norwich City,Newcastle,3.0,1.0
2019-08-17,Brighton and Hove Albion,West Ham United,1.0,1.0
2019-08-17,Manchester City,Tottenham Hotspur,2.0,2.0
2019-08-17,Southampton,Liverpool,1.0,2.0
2019-08-17,Arsenal,Burnley,2.0,1.0
2019-08-17,Everton,Watford,1.0,0.0
2019-08-18,Sheffield United,Crystal Palace,1.0,0.0
2019-08-18,Chelsea,Leicester City,1.0,1.0
2019-08-19,Wolverhampton,Manchester United,1.0,1.0
2019-08-23,Aston Villa,Everton,2.0,0.0
2019-08-24,Liverpool,Arsenal,3.0,1.0
2019-08-24,Manchester United,Crystal Palace,1.0,2.0
2019-08-24,Watford,West Ham United,1.0,3.0
2019-08-24,Sheffield United,Leicester City,1.0,2.0
2019-08-24,Norwich City,Chelsea,2.0,3.0
2019-08-24,Brighton and Hove Albion,Southampton,0.0,2.0
2019-08-25,AFC Bournemouth,Manchester City,1.0,3.0
2019-08-25,Wolverhampton,Burnley,1.0,1.0
2019-08-25,Tottenham Hotspur,Newcastle,0.0,1.0
2019-08-31,Newcastle,Watford,1.0,1.0
2019-08-31,Burnley,Liverpool,0.0,3.0
2019-08-31,Leicester City,AFC Bournemouth,3.0,1.0
2019-08-31,Crystal Palace,Aston Villa,1.0,0.0
2019-08-31,Manchester City,Brighton and Hove Albion,4.0,0.0
2019-08-31,West Ham United,Norwich City,2.0,0.0
2019-08-31,Chelsea,Sheffield United,2.0,2.0
2019-08-31,Southampton,Manchester United,1.0,1.0
2019-09-01,Everton,Wolverhampton,3.0,2.0
2019-09-01,Arsenal,Tottenham Hotspur,2.0,2.0
2019-09-14,Norwich City,Manchester City,3.0,2.0
2019-09-14,Manchester United,Leicester City,1.0,0.0
2019-09-14,Brighton and Hove Albion,Burnley,1.0,1.0
2019-09-14,Sheffield United,Southampton,0.0,1.0
2019-09-14,Wolverhampton,Chelsea,2.0,5.0
2019-09-14,Tottenham Hotspur,Crystal Palace,4.0,0.0
2019-09-14,Liverpool,Newcastle,3.0,1.0
2019-09-15,AFC Bournemouth,Everton,3.0,1.0
2019-09-15,Watford,Arsenal,2.0,2.0
2019-09-16,Aston Villa,West Ham United,0.0,0.0
2019-09-20,Southampton,AFC Bournemouth,1.0,3.0
2019-09-21,Newcastle,Brighton and Hove Albion,0.0,0.0
2019-09-21,Everton,Sheffield United,0.0,2.0
2019-09-21,Leicester City,Tottenham Hotspur,2.0,1.0
2019-09-21,Manchester City,Watford,8.0,0.0
2019-09-21,Burnley,Norwich City,2.0,0.0
2019-09-22,Crystal Palace,Wolverhampton,1.0,1.0
2019-09-22,West Ham United,Manchester United,2.0,0.0
2019-09-22,Arsenal,Aston Villa,3.0,2.0
2019-09-22,Chelsea,Liverpool,1.0,2.0
2019-09-28,AFC Bournemouth,West Ham United,2.0,2.0
2019-09-28,Sheffield United,Liverpool,0.0,1.0
2019-09-28,Crystal Palace,Norwich City,2.0,0.0
2019-09-28,Wolverhampton,Watford,2.0,0.0
2019-09-28,Tottenham Hotspur,Southampton,2.0,1.0
2019-09-28,Chelsea,Brighton and Hove Albion,2.0,0.0
2019-09-28,Aston Villa,Burnley,2.0,2.0
2019-09-28,Everton,Manchester City,1.0,3.0
2019-09-29,Leicester City,Newcastle,5.0,0.0
2019-09-30,Manchester United,Arsenal,1.0,1.0
2019-10-05,Brighton and Hove Albion,Tottenham Hotspur,3.0,0.0
2019-10-05,Liverpool,Leicester City,2.0,1.0
2019-10-05,Burnley,Everton,1.0,0.0
2019-10-05,Norwich City,Aston Villa,1.0,5.0
2019-10-05,Watford,Sheffield United,0.0,0.0
2019-10-05,West Ham United,Crystal Palace,1.0,2.0
2019-10-06,Manchester City,Wolverhampton,0.0,2.0
2019-10-06,Arsenal,AFC Bournemouth,1.0,0.0
2019-10-06,Southampton,Chelsea,1.0,4.0
2019-10-06,Newcastle,Manchester United,1.0,0.0
2019-10-19,Crystal Palace,Manchester City,0.0,2.0
2019-10-19,AFC Bournemouth,Norwich City,0.0,0.0
2019-10-19,Chelsea,Newcastle,1.0,0.0
2019-10-19,Wolverhampton,Southampton,1.0,1.0
2019-10-19,Tottenham Hotspur,Watford,1.0,1.0
2019-10-19,Aston Villa,Brighton and Hove Albion,2.0,1.0
2019-10-19,Everton,West Ham United,2.0,0.0
2019-10-19,Leicester City,Burnley,2.0,1.0
2019-10-20,Manchester United,Liverpool,1.0,1.0
2019-10-21,Sheffield United,Arsenal,1.0,0.0
2019-10-25,Southampton,Leicester City,0.0,9.0
2019-10-26,Burnley,Chelsea,2.0,4.0
2019-10-26,Brighton and Hove Albion,Everton,3.0,2.0
2019-10-26,Watford,AFC Bournemouth,0.0,0.0
2019-10-26,Manchester City,Aston Villa,3.0,0.0
2019-10-26,West Ham United,Sheffield United,1.0,1.0
2019-10-27,Newcastle,Wolverhampton,1.0,1.0
2019-10-27,Norwich City,Manchester United,1.0,3.0
2019-10-27,Arsenal,Crystal Palace,2.0,2.0
2019-10-27,Liverpool,Tottenham Hotspur,2.0,1.0
2019-11-02,Arsenal,Wolverhampton,1.0,1.0
2019-11-02,Watford,Chelsea,1.0,2.0
2019-11-02,Brighton and Hove Albion,Norwich City,2.0,0.0
2019-11-02,Aston Villa,Liverpool,1.0,2.0
2019-11-02,Sheffield United,Burnley,3.0,0.0
2019-11-02,West Ham United,Newcastle,2.0,3.0
2019-11-02,AFC Bournemouth,Manchester United,1.0,0.0
2019-11-02,Manchester City,Southampton,2.0,1.0
2019-11-03,Crystal Palace,Leicester City,0.0,2.0
2019-11-03,Everton,Tottenham Hotspur,1.0,1.0
2019-11-08,Norwich City,Watford,0.0,2.0
2019-11-09,Burnley,West Ham United,3.0,0.0
2019-11-09,Chelsea,Crystal Palace,2.0,0.0
2019-11-09,Tottenham Hotspur,Sheffield United,1.0,1.0
2019-11-09,Southampton,Everton,1.0,2.0
2019-11-09,Newcastle,AFC Bournemouth,2.0,1.0
2019-11-09,Leicester City,Arsenal,2.0,0.0
2019-11-10,Liverpool,Manchester City,3.0,1.0
2019-11-10,Wolverhampton,Aston Villa,2.0,1.0
2019-11-10,Manchester United,Brighton and Hove Albion,3.0,1.0
2019-11-23,Everton,Norwich City,0.0,2.0
2019-11-23,Brighton and Hove Albion,Leicester City,0.0,2.0
2019-11-23,Manchester City,Chelsea,2.0,1.0
2019-11-23,Crystal Palace,Liverpool,1.0,2.0
2019-11-23,West Ham United,Tottenham Hotspur,2.0,3.0
2019-11-23,Watford,Burnley,0.0,3.0
2019-11-23,Arsenal,Southampton,2.0,2.0
2019-11-23,AFC Bournemouth,Wolverhampton,1.0,2.0
2019-11-24,Sheffield United,Manchester United,3.0,3.0
2019-11-25,Aston Villa,Newcastle,2.0,0.0
2019-11-30,Tottenham Hotspur,AFC Bournemouth,3.0,2.0
2019-11-30,Chelsea,West Ham United,0.0,1.0
2019-11-30,Southampton,Watford,2.0,1.0
2019-11-30,Liverpool,Brighton and Hove Albion,2.0,1.0
2019-11-30,Newcastle,Manchester City,2.0,2.0
2019-11-30,Burnley,Crystal Palace,0.0,2.0
2019-12-01,Manchester United,Aston Villa,2.0,2.0
2019-12-01,Leicester City,Everton,2.0,1.0
2019-12-01,Norwich City,Arsenal,2.0,2.0
2019-12-01,Wolverhampton,Sheffield United,1.0,1.0
2019-12-03,Burnley,Manchester City,1.0,4.0
2019-12-03,Crystal Palace,AFC Bournemouth,1.0,0.0
2019-12-04,Chelsea,Aston Villa,2.0,1.0
2019-12-04,Southampton,Norwich City,2.0,1.0
2019-12-04,Leicester City,Watford,2.0,0.0
2019-12-04,Manchester United,Tottenham Hotspur,2.0,1.0
2019-12-04,Wolverhampton,West Ham United,2.0,0.0
2019-12-04,Liverpool,Everton,5.0,2.0
2019-12-05,Sheffield United,Newcastle,0.0,2.0
2019-12-05,Arsenal,Brighton and Hove Albion,1.0,2.0
2019-12-07,Everton,Chelsea,3.0,1.0
2019-12-07,AFC Bournemouth,Liverpool,0.0,3.0
2019-12-07,Watford,Crystal Palace,0.0,0.0
2019-12-07,Tottenham Hotspur,Burnley,5.0,0.0
2019-12-07,Manchester City,Manchester United,1.0,2.0
2019-12-08,Brighton and Hove Albion,Wolverhampton,2.0,2.0
2019-12-08,Norwich City,Sheffield United,1.0,2.0
2019-12-08,Aston Villa,Leicester City,1.0,4.0
2019-12-08,Newcastle,Southampton,2.0,1.0
2019-12-09,West Ham United,Arsenal,1.0,3.0
2019-12-14,Liverpool,Watford,2.0,0.0
2019-12-14,Sheffield United,Aston Villa,2.0,0.0
2019-12-14,Leicester City,Norwich City,1.0,1.0
2019-12-14,Chelsea,AFC Bournemouth,0.0,1.0
2019-12-14,Burnley,Newcastle,1.0,0.0
2019-12-14,Southampton,West Ham United,0.0,1.0
2019-12-15,Wolverhampton,Tottenham Hotspur,1.0,2.0
2019-12-15,Manchester United,Everton,1.0,1.0
2019-12-15,Arsenal,Manchester City,0.0,3.0
2019-12-16,Crystal Palace,Brighton and Hove Albion,1.0,1.0
2019-12-21,Brighton and Hove Albion,Sheffield United,0.0,1.0
2019-12-21,Manchester City,Leicester City,3.0,1.0
2019-12-21,AFC Bournemouth,Burnley,0.0,1.0
2019-12-21,Aston Villa,Southampton,1.0,3.0
2019-12-21,Norwich City,Wolverhampton,1.0,2.0
2019-12-21,Everton,Arsenal,0.0,0.0
2019-12-21,Newcastle,Crystal Palace,1.0,0.0
2019-12-22,Watford,Manchester United,2.0,0.0
2019-12-22,Tottenham Hotspur,Chelsea,0.0,2.0
2019-12-26,Tottenham Hotspur,Brighton and Hove Albion,2.0,1.0
2019-12-26,AFC Bournemouth,Arsenal,1.0,1.0
2019-12-26,Crystal Palace,West Ham United,2.0,1.0
2019-12-26,Everton,Burnley,1.0,0.0
2019-12-26,Chelsea,Southampton,0.0,2.0
2019-12-26,Aston Villa,Norwich City,1.0,0.0
2019-12-26,Manchester United,Newcastle,4.0,1.0
2019-12-26,Leicester City,Liverpool,0.0,4.0
2019-12-26,Sheffield United,Watford,1.0,1.0
2019-12-27,Wolverhampton,Manchester City,3.0,2.0
2019-12-28,Norwich City,Tottenham Hotspur,2.0,2.0
2019-12-28,West Ham United,Leicester City,1.0,2.0
2019-12-28,Burnley,Manchester United,0.0,2.0
2019-12-28,Newcastle,Everton,1.0,2.0
2019-12-28,Watford,Aston Villa,3.0,0.0
2019-12-28,Brighton and Hove Albion,AFC Bournemouth,2.0,0.0
2019-12-28,Southampton,Crystal Palace,1.0,1.0
2019-12-29,Arsenal,Chelsea,1.0,2.0
2019-12-29,Liverpool,Wolverhampton,1.0,0.0
2019-12-29,Manchester City,Sheffield United,2.0,0.0
2020-01-01,Arsenal,Manchester United,2.0,0.0
2020-01-01,Brighton and Hove Albion,Chelsea,1.0,1.0
2020-01-01,Burnley,Aston Villa,1.0,2.0
2020-01-01,Newcastle,Leicester City,0.0,3.0
2020-01-01,Southampton,Tottenham Hotspur,1.0,0.0
2020-01-01,Watford,Wolverhampton,2.0,1.0
2020-01-01,West Ham United,AFC Bournemouth,4.0,0.0
2020-01-01,Manchester City,Everton,2.0,1.0
2020-01-01,Norwich City,Crystal Palace,1.0,1.0
2020-01-02,Liverpool,Sheffield United,2.0,0.0
2020-01-10,Sheffield United,West Ham United,1.0,0.0
2020-01-11,Crystal Palace,Arsenal,1.0,1.0
2020-01-11,Tottenham Hotspur,Liverpool,0.0,1.0
2020-01-11,Wolverhampton,Newcastle,1.0,1.0
2020-01-11,Manchester United,Norwich City,4.0,0.0
2020-01-11,Chelsea,Burnley,3.0,0.0
2020-01-11,Leicester City,Southampton,1.0,2.0
2020-01-11,Everton,Brighton and Hove Albion,1.0,0.0
2020-01-12,AFC Bournemouth,Watford,0.0,3.0
2020-01-12,Aston Villa,Manchester City,1.0,6.0
2020-01-18,Watford,Tottenham Hotspur,0.0,0.0
2020-01-18,Arsenal,Sheffield United,1.0,1.0
2020-01-18,West Ham United,Everton,1.0,1.0
2020-01-18,Norwich City,AFC Bournemouth,1.0,0.0
2020-01-18,Southampton,Wolverhampton,2.0,3.0
2020-01-18,Manchester City,Crystal Palace,2.0,2.0
2020-01-18,Brighton and Hove Albion,Aston Villa,1.0,1.0
2020-01-18,Newcastle,Chelsea,1.0,0.0
2020-01-19,Liverpool,Manchester United,2.0,0.0
2020-01-19,Burnley,Leicester City,2.0,1.0
2020-01-21,Aston Villa,Watford,2.0,1.0
2020-01-21,Crystal Palace,Southampton,0.0,2.0
2020-01-21,AFC Bournemouth,Brighton and Hove Albion,3.0,1.0
2020-01-21,Sheffield United,Manchester City,0.0,1.0
2020-01-21,Everton,Newcastle,2.0,2.0
2020-01-21,Chelsea,Arsenal,2.0,2.0
2020-01-22,Leicester City,West Ham United,4.0,1.0
2020-01-22,Tottenham Hotspur,Norwich City,2.0,1.0
2020-01-22,Manchester United,Burnley,0.0,2.0
2020-01-23,Wolverhampton,Liverpool,1.0,2.0
2020-01-29,West Ham United,Liverpool,0.0,2.0
2020-02-01,Newcastle,Norwich City,0.0,0.0
2020-02-01,Crystal Palace,Sheffield United,0.0,1.0
2020-02-01,West Ham United,Brighton and Hove Albion,3.0,3.0
2020-02-01,Manchester United,Wolverhampton,0.0,0.0
2020-02-01,AFC Bournemouth,Aston Villa,2.0,1.0
2020-02-01,Watford,Everton,2.0,3.0
2020-02-01,Liverpool,Southampton,4.0,0.0
2020-02-01,Leicester City,Chelsea,2.0,2.0
2020-02-02,Burnley,Arsenal,0.0,0.0
2020-02-02,Tottenham Hotspur,Manchester City,2.0,0.0
2020-02-08,Everton,Crystal Palace,3.0,1.0
2020-02-08,Brighton and Hove Albion,Watford,1.0,1.0
2020-02-09,Sheffield United,AFC Bournemouth,2.0,1.0
2020-02-14,Wolverhampton,Leicester City,0.0,0.0
2020-02-15,Southampton,Burnley,1.0,2.0
2020-02-15,Norwich City,Liverpool,0.0,1.0
2020-02-16,Aston Villa,Tottenham Hotspur,2.0,3.0
2020-02-16,Arsenal,Newcastle,4.0,0.0
2020-02-17,Chelsea,Manchester United,0.0,2.0
2020-02-19,Manchester City,West Ham United,2.0,0.0
2020-02-22,Sheffield United,Brighton and Hove Albion,1.0,1.0
2020-02-22,Leicester City,Manchester City,0.0,1.0
2020-02-22,Southampton,Aston Villa,2.0,0.0
2020-02-22,Crystal Palace,Newcastle,1.0,0.0
2020-02-22,Burnley,AFC Bournemouth,3.0,0.0
2020-02-22,Chelsea,Tottenham Hotspur,2.0,1.0
2020-02-23,Wolverhampton,Norwich City,3.0,0.0
2020-02-23,Manchester United,Watford,3.0,0.0
2020-02-23,Arsenal,Everton,3.0,2.0
2020-02-24,Liverpool,West Ham United,3.0,2.0
2020-02-28,Norwich City,Leicester City,1.0,0.0
2020-02-29,Watford,Liverpool,3.0,0.0
2020-02-29,Newcastle,Burnley,0.0,0.0
2020-02-29,West Ham United,Southampton,3.0,1.0
2020-02-29,Brighton and Hove Albion,Crystal Palace,0.0,1.0
2020-02-29,AFC Bournemouth,Chelsea,2.0,2.0
2020-03-01,Everton,Manchester United,1.0,1.0
2020-03-01,Tottenham Hotspur,Wolverhampton,2.0,3.0
2020-03-07,Arsenal,West Ham United,1.0,0.0
2020-03-07,Wolverhampton,Brighton and Hove Albion,0.0,0.0
2020-03-07,Burnley,Tottenham Hotspur,1.0,1.0
2020-03-07,Southampton,Newcastle,0.0,1.0
2020-03-07,Sheffield United,Norwich City,1.0,0.0
2020-03-07,Crystal Palace,Watford,1.0,0.0
2020-03-07,Liverpool,AFC Bournemouth,2.0,1.0
2020-03-08,Chelsea,Everton,4.0,0.0
2020-03-08,Manchester United,Manchester City,2.0,0.0
2020-03-09,Leicester City,Aston Villa,4.0,0.0
2020-06-17,Aston Villa,Sheffield United,0.0,0.0
2020-06-17,Manchester City,Arsenal,3.0,0.0
2020-06-19,Norwich City,Southampton,0.0,3.0
2020-06-19,Tottenham Hotspur,Manchester United,1.0,1.0
2020-06-20,Watford,Leicester City,1.0,1.0
2020-06-20,Brighton and Hove Albion,Arsenal,2.0,1.0
2020-06-20,West Ham United,Wolverhampton,0.0,2.0
2020-06-20,AFC Bournemouth,Crystal Palace,0.0,2.0
2020-06-21,Newcastle,Sheffield United,3.0,0.0
2020-06-21,Aston Villa,Chelsea,1.0,2.0
2020-06-21,Everton,Liverpool,0.0,0.0
2020-06-22,Manchester City,Burnley,5.0,0.0
2020-06-23,Leicester City,Brighton and Hove Albion,0.0,0.0
2020-06-23,Tottenham Hotspur,West Ham United,2.0,0.0
2020-06-24,Wolverhampton,AFC Bournemouth,1.0,0.0
2020-06-24,Norwich City,Everton,0.0,1.0
2020-06-24,Newcastle,Aston Villa,1.0,1.0
2020-06-24,Manchester United,Sheffield United,3.0,0.0
2020-06-24,Liverpool,Crystal Palace,4.0,0.0
2020-06-25,Burnley,Watford,1.0,0.0
2020-06-25,Southampton,Arsenal,0.0,2.0
2020-06-25,Chelsea,Manchester City,2.0,1.0
2020-06-27,Aston Villa,Wolverhampton,0.0,1.0
2020-06-28,Watford,Southampton,1.0,3.0
2020-06-29,Crystal Palace,Burnley,0.0,1.0
2020-06-30,Brighton and Hove Albion,Manchester United,0.0,3.0
2020-07-01,Arsenal,Norwich City,4.0,0.0
2020-07-01,West Ham United,Chelsea,3.0,2.0
2020-07-01,Everton,Leicester City,2.0,1.0
2020-07-01,AFC Bournemouth,Newcastle,1.0,4.0
2020-07-02,Sheffield United,Tottenham Hotspur,3.0,1.0
2020-07-02,Manchester City,Liverpool,4.0,0.0
2020-07-04,Norwich City,Brighton and Hove Albion,0.0,1.0
2020-07-04,Manchester United,AFC Bournemouth,5.0,2.0
2020-07-04,Leicester City,Crystal Palace,3.0,0.0
2020-07-04,Wolverhampton,Arsenal,0.0,2.0
2020-07-04,Chelsea,Watford,3.0,0.0
2020-07-05,Southampton,Manchester City,1.0,0.0
2020-07-05,Liverpool,Aston Villa,2.0,0.0
2020-07-05,Burnley,Sheffield United,1.0,1.0
2020-07-05,Newcastle,West Ham United,2.0,2.0
2020-07-06,Tottenham Hotspur,Everton,1.0,0.0
2020-07-07,Crystal Palace,Chelsea,2.0,3.0
2020-07-07,Watford,Norwich City,2.0,1.0
2020-07-07,Arsenal,Leicester City,1.0,1.0
2020-07-08,Brighton and Hove Albion,Liverpool,1.0,3.0
2020-07-08,Sheffield United,Wolverhampton,1.0,0.0
2020-07-08,Manchester City,Newcastle,5.0,0.0
2020-07-08,West Ham United,Burnley,0.0,1.0
2020-07-09,AFC Bournemouth,Tottenham Hotspur,0.0,0.0
2020-07-09,Everton,Southampton,1.0,1.0
2020-07-09,Aston Villa,Manchester United,0.0,3.0
2020-07-11,Norwich City,West Ham United,0.0,4.0
2020-07-11,Watford,Newcastle,2.0,1.0
2020-07-11,Liverpool,Burnley,1.0,1.0
2020-07-11,Sheffield United,Chelsea,3.0,0.0
2020-07-11,Brighton and Hove Albion,Manchester City,0.0,5.0
2020-07-12,Wolverhampton,Everton,3.0,0.0
2020-07-12,Aston Villa,Crystal Palace,2.0,0.0
2020-07-12,Tottenham Hotspur,Arsenal,2.0,1.0
2020-07-12,AFC Bournemouth,Leicester City,4.0,1.0
2020-07-13,Manchester United,Southampton,2.0,2.0
2020-07-14,Chelsea,Norwich City,1.0,0.0
2020-07-15,Arsenal,Liverpool,2.0,1.0
2020-07-15,Manchester City,AFC Bournemouth,2.0,1.0
2020-07-15,Burnley,Wolverhampton,1.0,1.0
2020-07-15,Newcastle,Tottenham Hotspur,1.0,3.0
2020-07-16,Everton,Aston Villa,1.0,1.0
2020-07-16,Leicester City,Sheffield United,2.0,0.0
2020-07-16,Crystal Palace,Manchester United,0.0,2.0
2020-07-16,Southampton,Brighton and Hove Albion,1.0,1.0
2020-07-17,West Ham United,Watford,3.0,1.0
2020-07-18,Norwich City,Burnley,0.0,2.0
2020-07-19,AFC Bournemouth,Southampton,0.0,2.0
2020-07-19,Tottenham Hotspur,Leicester City,3.0,0.0
2020-07-20,Brighton and Hove Albion,Newcastle,0.0,0.0
2020-07-20,Sheffield United,Everton,0.0,1.0
2020-07-20,Wolverhampton,Crystal Palace,2.0,0.0
2020-07-21,Watford,Manchester City,0.0,4.0
2020-07-21,Aston Villa,Arsenal,1.0,0.0
2020-07-22,Liverpool,Chelsea,5.0,3.0
2020-07-22,Manchester United,West Ham United,1.0,1.0
2020-07-26,Burnley,Brighton and Hove Albion,1.0,2.0
2020-07-26,Chelsea,Wolverhampton,2.0,0.0
2020-07-26,West Ham United,Aston Villa,1.0,1.0
2020-07-26,Arsenal,Watford,3.0,2.0
2020-07-26,Newcastle,Liverpool,1.0,3.0
2020-07-26,Southampton,Sheffield United,3.0,1.0
2020-07-26,Everton,AFC Bournemouth,1.0,3.0
2020-07-26,Leicester City,Manchester United,0.0,2.0
2020-07-26,Manchester City,Norwich City,5.0,0.0
2020-07-26,Crystal Palace,Tottenham Hotspur,1.0,1.0
2020-09-12,Fulham,Arsenal,0.0,3.0
2020-09-12,Crystal Palace,Southampton,1.0,0.0
2020-09-12,Liverpool,Leeds United,4.0,3.0
2020-09-12,West Ham United,Newcastle,0.0,2.0
2020-09-13,West Bromwich Albion,Leicester City,0.0,3.0
2020-09-13,Tottenham Hotspur,Everton,0.0,1.0
2020-09-14,Brighton and Hove Albion,Chelsea,1.0,3.0
2020-09-14,Sheffield United,Wolverhampton,0.0,2.0
2020-09-19,Arsenal,West Ham United,2.0,1.0
2020-09-19,Manchester United,Crystal Palace,1.0,3.0
2020-09-19,Everton,West Bromwich Albion,5.0,2.0
2020-09-19,Leeds United,Fulham,4.0,3.0
2020-09-20,Southampton,Tottenham Hotspur,2.0,5.0
2020-09-20,Newcastle,Brighton and Hove Albion,0.0,3.0
2020-09-20,Chelsea,Liverpool,0.0,2.0
2020-09-20,Leicester City,Burnley,4.0,2.0
2020-09-21,Aston Villa,Sheffield United,1.0,0.0
2020-09-21,Wolverhampton,Manchester City,1.0,3.0
2020-09-26,Brighton and Hove Albion,Manchester United,2.0,3.0
2020-09-26,Crystal Palace,Everton,1.0,2.0
2020-09-26,West Bromwich Albion,Chelsea,3.0,3.0
2020-09-26,Burnley,Southampton,0.0,1.0
2020-09-27,Manchester City,Leicester City,2.0,5.0
2020-09-27,Sheffield United,Leeds United,0.0,1.0
2020-09-27,Tottenham Hotspur,Newcastle,1.0,1.0
2020-09-27,West Ham United,Wolverhampton,4.0,0.0
2020-09-28,Liverpool,Arsenal,3.0,1.0
2020-09-28,Fulham,Aston Villa,0.0,3.0
2020-10-03,Chelsea,Crystal Palace,4.0,0.0
2020-10-03,Everton,Brighton and Hove Albion,4.0,2.0
2020-10-03,Leeds United,Manchester City,1.0,1.0
2020-10-03,Newcastle,Burnley,3.0,1.0
2020-10-04,Leicester City,West Ham United,0.0,3.0
2020-10-04,Southampton,West Bromwich Albion,2.0,0.0
2020-10-04,Arsenal,Sheffield United,2.0,1.0
2020-10-04,Wolverhampton,Fulham,1.0,0.0
2020-10-04,Manchester United,Tottenham Hotspur,1.0,6.0
2020-10-04,Aston Villa,Liverpool,7.0,2.0
2020-10-17,Chelsea,Southampton,3.0,3.0
2020-10-17,Manchester City,Arsenal,1.0,0.0
2020-10-17,Everton,Liverpool,2.0,2.0
2020-10-17,Newcastle,Manchester United,1.0,4.0
2020-10-18,Leicester City,Aston Villa,0.0,1.0
2020-10-18,Tottenham Hotspur,West Ham United,3.0,3.0
2020-10-18,Crystal Palace,Brighton and Hove Albion,1.0,1.0
2020-10-18,Sheffield United,Fulham,1.0,1.0
2020-10-19,West Bromwich Albion,Burnley,0.0,0.0
2020-10-19,Leeds United,Wolverhampton,0.0,1.0
2020-10-23,Aston Villa,Leeds United,0.0,3.0
2020-10-24,West Ham United,Manchester City,1.0,1.0
2020-10-24,Fulham,Crystal Palace,1.0,2.0
2020-10-24,Manchester United,Chelsea,0.0,0.0
2020-10-24,Liverpool,Sheffield United,2.0,1.0
2020-10-25,Arsenal,Leicester City,0.0,1.0
2020-10-25,Wolverhampton,Newcastle,1.0,1.0
2020-10-25,Southampton,Everton,2.0,0.0
2020-10-26,Brighton and Hove Albion,West Bromwich Albion,1.0,1.0
2020-10-26,Burnley,Tottenham Hotspur,0.0,1.0
2020-10-30,Wolverhampton,Crystal Palace,2.0,0.0
2020-10-31,Sheffield United,Manchester City,0.0,1.0
2020-10-31,Burnley,Chelsea,0.0,3.0
2020-10-31,Liverpool,West Ham United,2.0,1.0
2020-11-01,Tottenham Hotspur,Brighton and Hove Albion,2.0,1.0
2020-11-01,Manchester United,Arsenal,0.0,1.0
2020-11-01,Aston Villa,Southampton,3.0,4.0
2020-11-01,Newcastle,Everton,2.0,1.0
2020-11-02,Fulham,West Bromwich Albion,2.0,0.0
2020-11-02,Leeds United,Leicester City,1.0,4.0
2020-11-06,Brighton and Hove Albion,Burnley,0.0,0.0
2020-11-06,Southampton,Newcastle,2.0,0.0
2020-11-07,Everton,Manchester United,1.0,3.0
2020-11-07,Crystal Palace,Leeds United,4.0,1.0
2020-11-07,Chelsea,Sheffield United,4.0,1.0
2020-11-07,West Ham United,Fulham,1.0,0.0
2020-11-08,West Bromwich Albion,Tottenham Hotspur,0.0,1.0
2020-11-08,Leicester City,Wolverhampton,1.0,0.0
2020-11-08,Manchester City,Liverpool,1.0,1.0
2020-11-08,Arsenal,Aston Villa,0.0,3.0
2020-11-21,Manchester United,West Bromwich Albion,1.0,0.0
2020-11-21,Tottenham Hotspur,Manchester City,2.0,0.0
2020-11-21,Aston Villa,Brighton and Hove Albion,1.0,2.0
2020-11-21,Newcastle,Chelsea,0.0,2.0
2020-11-22,Fulham,Everton,2.0,3.0
2020-11-22,Sheffield United,West Ham United,0.0,1.0
2020-11-22,Leeds United,Arsenal,0.0,0.0
2020-11-22,Liverpool,Leicester City,3.0,0.0
2020-11-23,Burnley,Crystal Palace,1.0,0.0
2020-11-23,Wolverhampton,Southampton,1.0,1.0
2020-11-27,Crystal Palace,Newcastle,0.0,2.0
2020-11-28,Brighton and Hove Albion,Liverpool,1.0,1.0
2020-11-28,Manchester City,Burnley,5.0,0.0
2020-11-28,Everton,Leeds United,0.0,1.0
2020-11-28,West Bromwich Albion,Sheffield United,1.0,0.0
2020-11-29,Southampton,Manchester United,2.0,3.0
2020-11-29,Chelsea,Tottenham Hotspur,0.0,0.0
2020-11-29,Arsenal,Wolverhampton,1.0,2.0
2020-11-30,West Ham United,Aston Villa,2.0,1.0
2020-11-30,Leicester City,Fulham,1.0,2.0
2020-12-05,Burnley,Everton,1.0,1.0
2020-12-05,Manchester City,Fulham,2.0,0.0
2020-12-05,West Ham United,Manchester United,1.0,3.0
2020-12-05,Chelsea,Leeds United,3.0,1.0
2020-12-06,Liverpool,Wolverhampton,4.0,0.0
2020-12-06,West Bromwich Albion,Crystal Palace,1.0,5.0
2020-12-06,Sheffield United,Leicester City,1.0,2.0
2020-12-06,Tottenham Hotspur,Arsenal,2.0,0.0
2020-12-07,Brighton and Hove Albion,Southampton,1.0,2.0
2020-12-11,Leeds United,West Ham United,1.0,2.0
2020-12-12,Wolverhampton,Aston Villa,0.0,1.0
2020-12-12,Newcastle,West Bromwich Albion,2.0,1.0
2020-12-12,Manchester United,Manchester City,0.0,0.0
2020-12-12,Everton,Chelsea,1.0,0.0
2020-12-13,Leicester City,Brighton and Hove Albion,3.0,0.0
2020-12-13,Fulham,Liverpool,1.0,1.0
2020-12-13,Arsenal,Burnley,0.0,1.0
2020-12-13,Crystal Palace,Tottenham Hotspur,1.0,1.0
2020-12-13,Southampton,Sheffield United,3.0,0.0
2020-12-15,Wolverhampton,Chelsea,2.0,1.0
2020-12-15,Manchester City,West Bromwich Albion,1.0,1.0
2020-12-16,Liverpool,Tottenham Hotspur,2.0,1.0
2020-12-16,West Ham United,Crystal Palace,1.0,1.0
2020-12-16,Fulham,Brighton and Hove Albion,0.0,0.0
2020-12-16,Leeds United,Newcastle,5.0,2.0
2020-12-16,Arsenal,Southampton,1.0,1.0
2020-12-16,Leicester City,Everton,0.0,2.0
2020-12-17,Aston Villa,Burnley,0.0,0.0
2020-12-17,Sheffield United,Manchester United,2.0,3.0
2020-12-19,Crystal Palace,Liverpool,0.0,7.0
2020-12-19,Southampton,Manchester City,0.0,1.0
2020-12-19,Everton,Arsenal,2.0,1.0
2020-12-19,Newcastle,Fulham,1.0,1.0
2020-12-20,West Bromwich Albion,Aston Villa,0.0,3.0
2020-12-20,Manchester United,Leeds United,6.0,2.0
2020-12-20,Brighton and Hove Albion,Sheffield United,1.0,1.0
2020-12-20,Tottenham Hotspur,Leicester City,0.0,2.0
2020-12-21,Burnley,Wolverhampton,2.0,1.0
2020-12-21,Chelsea,West Ham United,3.0,0.0
2020-12-26,Leicester City,Manchester United,2.0,2.0
2020-12-26,Fulham,Southampton,0.0,0.0
2020-12-26,Aston Villa,Crystal Palace,3.0,0.0
2020-12-26,Arsenal,Chelsea,3.0,1.0
2020-12-26,Sheffield United,Everton,0.0,1.0
2020-12-26,Manchester City,Newcastle,2.0,0.0
2020-12-27,Leeds United,Burnley,1.0,0.0
2020-12-27,West Ham United,Brighton and Hove Albion,2.0,2.0
2020-12-27,Liverpool,West Bromwich Albion,1.0,1.0
2020-12-27,Wolverhampton,Tottenham Hotspur,1.0,1.0
2020-12-28,Crystal Palace,Leicester City,1.0,1.0
2020-12-28,Chelsea,Aston Villa,1.0,1.0
2020-12-29,Southampton,West Ham United,0.0,0.0
2020-12-29,Manchester United,Wolverhampton,1.0,0.0
2020-12-29,Burnley,Sheffield United,1.0,0.0
2020-12-29,Brighton and Hove Albion,Arsenal,0.0,1.0
2020-12-29,West Bromwich Albion,Leeds United,0.0,5.0
2020-12-30,Newcastle,Liverpool,0.0,0.0
2021-01-01,Everton,West Ham United,0.0,1.0
2021-01-01,Manchester United,Aston Villa,2.0,1.0
2021-01-02,Tottenham Hotspur,Leeds United,3.0,0.0
2021-01-02,Crystal Palace,Sheffield United,2.0,0.0
2021-01-02,Brighton and Hove Albion,Wolverhampton,3.0,3.0
2021-01-02,West Bromwich Albion,Arsenal,0.0,4.0
2021-01-03,Newcastle,Leicester City,1.0,2.0
2021-01-03,Chelsea,Manchester City,1.0,3.0
2021-01-04,Southampton,Liverpool,1.0,0.0
2021-01-12,Wolverhampton,Everton,1.0,2.0
2021-01-12,Sheffield United,Newcastle,1.0,0.0
2021-01-12,Burnley,Manchester United,0.0,1.0
2021-01-13,Tottenham Hotspur,Fulham,1.0,1.0
2021-01-13,Manchester City,Brighton and Hove Albion,1.0,0.0
2021-01-14,Arsenal,Crystal Palace,0.0,0.0
2021-01-16,Wolverhampton,West Bromwich Albion,2.0,3.0
2021-01-16,Leeds United,Brighton and Hove Albion,0.0,1.0
2021-01-16,West Ham United,Burnley,1.0,0.0
2021-01-16,Fulham,Chelsea,0.0,1.0
2021-01-16,Leicester City,Southampton,2.0,0.0
2021-01-17,Sheffield United,Tottenham Hotspur,1.0,3.0
2021-01-17,Liverpool,Manchester United,0.0,0.0
2021-01-17,Manchester City,Crystal Palace,4.0,0.0
2021-01-18,Arsenal,Newcastle,3.0,0.0
2021-01-19,West Ham United,West Bromwich Albion,2.0,1.0
2021-01-19,Leicester City,Chelsea,2.0,0.0
2021-01-20,Fulham,Manchester United,1.0,2.0
2021-01-20,Manchester City,Aston Villa,2.0,0.0
2021-01-21,Liverpool,Burnley,0.0,1.0
2021-01-23,Aston Villa,Newcastle,2.0,0.0
2021-01-26,West Bromwich Albion,Manchester City,0.0,5.0
2021-01-26,Southampton,Arsenal,1.0,3.0
2021-01-26,Newcastle,Leeds United,1.0,2.0
2021-01-26,Crystal Palace,West Ham United,2.0,3.0
2021-01-27,Chelsea,Wolverhampton,0.0,0.0
2021-01-27,Burnley,Aston Villa,3.0,2.0
2021-01-27,Brighton and Hove Albion,Fulham,0.0,0.0
2021-01-27,Everton,Leicester City,1.0,1.0
2021-01-27,Manchester United,Sheffield United,1.0,2.0
2021-01-28,Tottenham Hotspur,Liverpool,1.0,3.0
2021-01-30,Southampton,Aston Villa,0.0,1.0
2021-01-30,Arsenal,Manchester United,0.0,0.0
2021-01-30,Crystal Palace,Wolverhampton,1.0,0.0
2021-01-30,West Bromwich Albion,Fulham,2.0,2.0
2021-01-30,Manchester City,Sheffield United,1.0,0.0
2021-01-30,Everton,Newcastle,0.0,2.0
2021-01-31,Chelsea,Burnley,2.0,0.0
2021-01-31,Leicester City,Leeds United,1.0,3.0
2021-01-31,West Ham United,Liverpool,1.0,3.0
2021-01-31,Brighton and Hove Albion,Tottenham Hotspur,1.0,0.0
2021-02-02,Manchester United,Southampton,9.0,0.0
2021-02-02,Newcastle,Crystal Palace,1.0,2.0
2021-02-02,Sheffield United,West Bromwich Albion,2.0,1.0
2021-02-02,Wolverhampton,Arsenal,2.0,1.0
2021-02-03,Fulham,Leicester City,0.0,2.0
2021-02-03,Burnley,Manchester City,0.0,2.0
2021-02-03,Leeds United,Everton,1.0,2.0
2021-02-03,Aston Villa,West Ham United,1.0,3.0
2021-02-03,Liverpool,Brighton and Hove Albion,0.0,1.0
2021-02-04,Tottenham Hotspur,Chelsea,0.0,1.0
2021-02-06,Aston Villa,Arsenal,1.0,0.0
2021-02-06,Newcastle,Southampton,3.0,2.0
2021-02-06,Burnley,Brighton and Hove Albion,1.0,1.0
2021-02-06,Fulham,West Ham United,0.0,0.0
2021-02-06,Manchester United,Everton,3.0,3.0
2021-02-07,Tottenham Hotspur,West Bromwich Albion,2.0,0.0
2021-02-07,Wolverhampton,Leicester City,0.0,0.0
2021-02-07,Liverpool,Manchester City,1.0,4.0
2021-02-07,Sheffield United,Chelsea,1.0,2.0
2021-02-08,Leeds United,Crystal Palace,2.0,0.0
2021-02-13,Leicester City,Liverpool,3.0,1.0
2021-02-13,Crystal Palace,Burnley,0.0,3.0
2021-02-13,Manchester City,Tottenham Hotspur,3.0,0.0
2021-02-13,Brighton and Hove Albion,Aston Villa,0.0,0.0
2021-02-14,Southampton,Wolverhampton,1.0,2.0
2021-02-14,West Bromwich Albion,Manchester United,1.0,1.0
2021-02-14,Arsenal,Leeds United,4.0,2.0
2021-02-14,Everton,Fulham,0.0,2.0
2021-02-15,Chelsea,Newcastle,2.0,0.0
2021-02-15,West Ham United,Sheffield United,3.0,0.0
2021-02-17,Burnley,Fulham,1.0,1.0
2021-02-17,Everton,Manchester City,1.0,3.0
2021-02-19,Wolverhampton,Leeds United,1.0,0.0
2021-02-20,Southampton,Chelsea,1.0,1.0
2021-02-20,Burnley,West Bromwich Albion,0.0,0.0
2021-02-20,Liverpool,Everton,0.0,2.0
2021-02-20,Fulham,Sheffield United,1.0,0.0
2021-02-21,Manchester United,Newcastle,3.0,1.0
2021-02-21,Arsenal,Manchester City,0.0,1.0
2021-02-21,West Ham United,Tottenham Hotspur,2.0,1.0
2021-02-21,Aston Villa,Leicester City,1.0,2.0
2021-02-22,Brighton and Hove Albion,Crystal Palace,1.0,2.0
2021-02-23,Leeds United,Southampton,3.0,0.0
2021-02-27,Manchester City,West Ham United,2.0,1.0
2021-02-27,West Bromwich Albion,Brighton and Hove Albion,1.0,0.0
2021-02-27,Leeds United,Aston Villa,0.0,1.0
2021-02-27,Newcastle,Wolverhampton,1.0,1.0
2021-02-28,Crystal Palace,Fulham,0.0,0.0
2021-02-28,Leicester City,Arsenal,1.0,3.0
2021-02-28,Tottenham Hotspur,Burnley,4.0,0.0
2021-02-28,Chelsea,Manchester United,0.0,0.0
2021-02-28,Sheffield United,Liverpool,0.0,2.0
2021-03-01,Everton,Southampton,1.0,0.0
2021-03-02,Manchester City,Wolverhampton,4.0,1.0
2021-03-03,Crystal Palace,Manchester United,0.0,0.0
2021-03-03,Sheffield United,Aston Villa,1.0,0.0
2021-03-03,Burnley,Leicester City,1.0,1.0
2021-03-04,Fulham,Tottenham Hotspur,0.0,1.0
2021-03-04,West Bromwich Albion,Everton,0.0,1.0
2021-03-04,Liverpool,Chelsea,0.0,1.0
2021-03-06,Burnley,Arsenal,1.0,1.0
2021-03-06,Sheffield United,Southampton,0.0,2.0
2021-03-06,Aston Villa,Wolverhampton,0.0,0.0
2021-03-06,Brighton and Hove Albion,Leicester City,1.0,2.0
2021-03-07,Tottenham Hotspur,Crystal Palace,4.0,1.0
2021-03-07,Manchester City,Manchester United,0.0,2.0
2021-03-07,West Bromwich Albion,Newcastle,0.0,0.0
2021-03-07,Liverpool,Fulham,0.0,1.0
2021-03-08,Chelsea,Everton,2.0,0.0
2021-03-08,West Ham United,Leeds United,2.0,0.0
2021-03-10,Manchester City,Southampton,5.0,2.0
2021-03-12,Newcastle,Aston Villa,1.0,1.0
2021-03-13,Fulham,Manchester City,0.0,3.0
2021-03-13,Everton,Burnley,1.0,2.0
2021-03-13,Crystal Palace,West Bromwich Albion,1.0,0.0
2021-03-13,Leeds United,Chelsea,0.0,0.0
2021-03-14,Southampton,Brighton and Hove Albion,1.0,2.0
2021-03-14,Leicester City,Sheffield United,5.0,0.0
2021-03-14,Arsenal,Tottenham Hotspur,2.0,1.0
2021-03-14,Manchester United,West Ham United,1.0,0.0
2021-03-15,Wolverhampton,Liverpool,0.0,1.0
2021-03-19,Fulham,Leeds United,1.0,2.0
2021-03-20,Brighton and Hove Albion,Newcastle,3.0,0.0
2021-03-21,West Ham United,Arsenal,3.0,3.0
2021-03-21,Aston Villa,Tottenham Hotspur,0.0,2.0
2021-04-03,Chelsea,West Bromwich Albion,2.0,5.0
2021-04-03,Leeds United,Sheffield United,2.0,1.0
2021-04-03,Leicester City,Manchester City,0.0,2.0
2021-04-03,Arsenal,Liverpool,0.0,3.0
2021-04-04,Manchester United,Brighton and Hove Albion,2.0,1.0
2021-04-04,Newcastle,Tottenham Hotspur,2.0,2.0
2021-04-04,Southampton,Burnley,3.0,2.0
2021-04-04,Aston Villa,Fulham,3.0,1.0
2021-04-05,Everton,Crystal Palace,1.0,1.0
2021-04-05,Wolverhampton,West Ham United,2.0,3.0
2021-04-09,Fulham,Wolverhampton,0.0,1.0
2021-04-10,Manchester City,Leeds United,1.0,2.0
2021-04-10,Liverpool,Aston Villa,2.0,1.0
2021-04-10,Crystal Palace,Chelsea,1.0,4.0
2021-04-11,Burnley,Newcastle,1.0,2.0
2021-04-11,West Ham United,Leicester City,3.0,2.0
2021-04-11,Tottenham Hotspur,Manchester United,1.0,3.0
2021-04-11,Sheffield United,Arsenal,0.0,3.0
2021-04-12,West Bromwich Albion,Southampton,3.0,0.0
2021-04-12,Brighton and Hove Albion,Everton,0.0,0.0
2021-04-16,Everton,Tottenham Hotspur,2.0,2.0
2021-04-17,Wolverhampton,Sheffield United,1.0,0.0
2021-04-17,Newcastle,West Ham United,3.0,2.0
2021-04-18,Arsenal,Fulham,1.0,1.0
2021-04-18,Manchester United,Burnley,3.0,1.0
2021-04-19,Leeds United,Liverpool,1.0,1.0
2021-04-20,Chelsea,Brighton and Hove Albion,0.0,0.0
2021-04-21,Tottenham Hotspur,Southampton,2.0,1.0
2021-04-21,Aston Villa,Manchester City,1.0,2.0
2021-04-22,Leicester City,West Bromwich Albion,3.0,0.0
2021-04-23,Arsenal,Everton,0.0,1.0
2021-04-24,Liverpool,Newcastle,1.0,1.0
2021-04-24,West Ham United,Chelsea,0.0,1.0
2021-04-24,Sheffield United,Brighton and Hove Albion,1.0,0.0
2021-04-25,Wolverhampton,Burnley,0.0,4.0
2021-04-25,Leeds United,Manchester United,0.0,0.0
2021-04-25,Aston Villa,West Bromwich Albion,2.0,2.0
2021-04-26,Leicester City,Crystal Palace,2.0,1.0
2021-04-30,Southampton,Leicester City,1.0,1.0
2021-05-01,Everton,Aston Villa,1.0,2.0
2021-05-01,Chelsea,Fulham,2.0,0.0
2021-05-01,Brighton and Hove Albion,Leeds United,2.0,0.0
2021-05-01,Crystal Palace,Manchester City,0.0,2.0
2021-05-02,Newcastle,Arsenal,0.0,2.0
2021-05-02,Tottenham Hotspur,Sheffield United,4.0,0.0
2021-05-03,West Bromwich Albion,Wolverhampton,1.0,1.0
2021-05-03,Burnley,West Ham United,1.0,2.0
2021-05-07,Leicester City,Newcastle,2.0,4.0
2021-05-08,Leeds United,Tottenham Hotspur,3.0,1.0
2021-05-08,Sheffield United,Crystal Palace,0.0,2.0
2021-05-08,Manchester City,Chelsea,1.0,2.0
2021-05-08,Liverpool,Southampton,2.0,0.0
2021-05-09,Wolverhampton,Brighton and Hove Albion,2.0,1.0
2021-05-09,Aston Villa,Manchester United,1.0,3.0
2021-05-09,West Ham United,Everton,0.0,1.0
2021-05-09,Arsenal,West Bromwich Albion,3.0,1.0
2021-05-10,Fulham,Burnley,0.0,2.0
2021-05-11,Southampton,Crystal Palace,3.0,1.0
2021-05-11,Manchester United,Leicester City,1.0,2.0
2021-05-12,Chelsea,Arsenal,0.0,1.0
2021-05-13,Aston Villa,Everton,0.0,0.0
2021-05-13,Manchester United,Liverpool,2.0,4.0
2021-05-14,Newcastle,Manchester City,3.0,4.0
2021-05-15,Burnley,Leeds United,0.0,4.0
2021-05-15,Southampton,Fulham,3.0,1.0
2021-05-15,Brighton and Hove Albion,West Ham United,1.0,1.0
2021-05-16,Crystal Palace,Aston Villa,3.0,2.0
2021-05-16,Tottenham Hotspur,Wolverhampton,2.0,0.0
2021-05-16,West Bromwich Albion,Liverpool,1.0,2.0
2021-05-16,Everton,Sheffield United,0.0,1.0
2021-05-18,Southampton,Leeds United,0.0,2.0
2021-05-18,Manchester United,Fulham,1.0,1.0
2021-05-18,Brighton and Hove Albion,Manchester City,3.0,2.0
2021-05-18,Chelsea,Leicester City,2.0,1.0
2021-05-19,Burnley,Liverpool,0.0,3.0
2021-05-19,West Bromwich Albion,West Ham United,1.0,3.0
2021-05-19,Crystal Palace,Arsenal,1.0,3.0
2021-05-19,Newcastle,Sheffield United,1.0,0.0
2021-05-19,Everton,Wolverhampton,1.0,0.0
2021-05-19,Tottenham Hotspur,Aston Villa,1.0,2.0
2021-05-23,Leeds United,West Bromwich Albion,3.0,1.0
2021-05-23,Leicester City,Tottenham Hotspur,2.0,4.0
2021-05-23,West Ham United,Southampton,3.0,0.0
2021-05-23,Manchester City,Everton,5.0,0.0
2021-05-23,Fulham,Newcastle,0.0,2.0
2021-05-23,Arsenal,Brighton and Hove Albion,2.0,0.0
2021-05-23,Aston Villa,Chelsea,2.0,1.0
2021-05-23,Wolverhampton,Manchester United,1.0,2.0
2021-05-23,Sheffield United,Burnley,1.0,0.0
2021-05-23,Liverpool,Crystal Palace,2.0,0.0
2021-08-13,Brentford,Arsenal,2.0,0.0
2021-08-14,Leicester City,Wolverhampton,1.0,0.0
2021-08-14,Norwich City,Liverpool,0.0,3.0
2021-08-14,Burnley,Brighton and Hove Albion,1.0,2.0
2021-08-14,Everton,Southampton,3.0,1.0
2021-08-14,Watford,Aston Villa,3.0,2.0
2021-08-14,Chelsea,Crystal Palace,3.0,0.0
2021-08-14,Manchester United,Leeds United,5.0,1.0
2021-08-15,Newcastle,West Ham United,2.0,4.0
2021-08-15,Tottenham Hotspur,Manchester City,1.0,0.0
2021-08-21,Liverpool,Burnley,2.0,0.0
2021-08-21,Leeds United,Everton,2.0,2.0
2021-08-21,Manchester City,Norwich City,5.0,0.0
2021-08-21,Crystal Palace,Brentford,0.0,0.0
2021-08-21,Aston Villa,Newcastle,2.0,0.0
2021-08-21,Brighton and Hove Albion,Watford,2.0,0.0
2021-08-22,Southampton,Manchester United,1.0,1.0
2021-08-22,Wolverhampton,Tottenham Hotspur,0.0,1.0
2021-08-22,Arsenal,Chelsea,0.0,2.0
2021-08-23,West Ham United,Leicester City,4.0,1.0
